# Blender 4.1.1
# www.blender.org
mtllib goruhukurabu.mtl
o 球.001
v 0.000000 -1.571470 -0.600913
v 0.000000 -1.667457 -0.755654
v 0.000000 -1.792871 -0.839399
v 0.000000 -1.860744 -0.850176
v 0.000000 -1.928617 -0.839399
v 0.000000 -2.054030 -0.755653
v 0.010948 -1.519522 -0.396631
v 0.021475 -1.539320 -0.499823
v 0.031177 -1.571470 -0.594925
v 0.039681 -1.614737 -0.678283
v 0.046660 -1.667457 -0.746693
v 0.051846 -1.727606 -0.797526
v 0.055039 -1.792871 -0.828829
v 0.056118 -1.860744 -0.839399
v 0.055039 -1.928617 -0.828829
v 0.051846 -1.993882 -0.797526
v 0.046660 -2.054030 -0.746693
v 0.039681 -2.106750 -0.678283
v 0.031177 -2.150017 -0.594925
v 0.021475 -2.182167 -0.499823
v 0.010948 -2.201965 -0.396631
v 0.021475 -1.519522 -0.390405
v 0.042125 -1.539320 -0.487609
v 0.061156 -1.571470 -0.577193
v 0.077837 -1.614737 -0.655715
v 0.091527 -1.667457 -0.720155
v 0.101699 -1.727606 -0.768039
v 0.107964 -1.792871 -0.797526
v 0.110079 -1.860744 -0.807483
v 0.107964 -1.928617 -0.797526
v 0.101699 -1.993882 -0.768039
v 0.091527 -2.054030 -0.720155
v 0.077837 -2.106750 -0.655715
v 0.061156 -2.150017 -0.577193
v 0.042125 -2.182167 -0.487609
v 0.021475 -2.201965 -0.390404
v 0.031177 -1.519522 -0.380293
v 0.061156 -1.539320 -0.467775
v 0.088785 -1.571470 -0.548399
v 0.113002 -1.614737 -0.619066
v 0.132877 -1.667457 -0.677061
v 0.147645 -1.727606 -0.720155
v 0.156739 -1.792871 -0.746693
v 0.159809 -1.860744 -0.755653
v 0.156739 -1.928617 -0.746693
v 0.147645 -1.993882 -0.720155
v 0.132877 -2.054030 -0.677061
v 0.113002 -2.106750 -0.619066
v 0.088785 -2.150017 -0.548399
v 0.061156 -2.182167 -0.467775
v 0.031177 -2.201965 -0.380293
v 0.039681 -1.519522 -0.366686
v 0.077837 -1.539320 -0.441083
v 0.113002 -1.571470 -0.509648
v 0.143825 -1.614737 -0.569745
v 0.169120 -1.667457 -0.619066
v 0.187916 -1.727606 -0.655715
v 0.199491 -1.792871 -0.678283
v 0.203399 -1.860744 -0.685903
v 0.199491 -1.928617 -0.678283
v 0.187916 -1.993882 -0.655715
v 0.169120 -2.054030 -0.619066
v 0.143825 -2.106750 -0.569745
v 0.113002 -2.150017 -0.509647
v 0.077837 -2.182167 -0.441082
v 0.039681 -2.201965 -0.366685
v 0.046660 -1.519522 -0.350105
v 0.091527 -1.539320 -0.408558
v 0.132877 -1.571470 -0.462429
v 0.169120 -1.614737 -0.509648
v 0.198864 -1.667457 -0.548399
v 0.220966 -1.727606 -0.577193
v 0.234576 -1.792871 -0.594925
v 0.239172 -1.860744 -0.600912
v 0.234576 -1.928617 -0.594925
v 0.220966 -1.993882 -0.577193
v 0.198864 -2.054030 -0.548399
v 0.169120 -2.106750 -0.509647
v 0.132877 -2.150017 -0.462429
v 0.091527 -2.182167 -0.408558
v 0.046660 -2.201965 -0.350104
v 0.000000 -1.512837 -0.289315
v 0.051846 -1.519522 -0.331188
v 0.101699 -1.539320 -0.371451
v 0.147645 -1.571470 -0.408558
v 0.187916 -1.614737 -0.441083
v 0.220966 -1.667457 -0.467775
v 0.245524 -1.727606 -0.487609
v 0.260647 -1.792870 -0.499823
v 0.265753 -1.860744 -0.503947
v 0.260647 -1.928617 -0.499823
v 0.245524 -1.993882 -0.487609
v 0.220966 -2.054030 -0.467775
v 0.187916 -2.106750 -0.441082
v 0.147645 -2.150017 -0.408558
v 0.101699 -2.182167 -0.371451
v 0.051846 -2.201965 -0.331188
v 0.055039 -1.519522 -0.310661
v 0.107964 -1.539320 -0.331188
v 0.156739 -1.571470 -0.350105
v 0.199491 -1.614737 -0.366686
v 0.234576 -1.667457 -0.380293
v 0.260647 -1.727606 -0.390404
v 0.276701 -1.792870 -0.396631
v 0.282122 -1.860744 -0.398733
v 0.276701 -1.928617 -0.396631
v 0.260647 -1.993882 -0.390404
v 0.234576 -2.054030 -0.380293
v 0.199491 -2.106750 -0.366685
v 0.156739 -2.150017 -0.350104
v 0.107964 -2.182167 -0.331188
v 0.055039 -2.201965 -0.310661
v 0.056118 -1.519522 -0.289315
v 0.110079 -1.539320 -0.289315
v 0.159809 -1.571470 -0.289315
v 0.203399 -1.614737 -0.289315
v 0.239172 -1.667457 -0.289315
v 0.265753 -1.727605 -0.289315
v 0.282122 -1.792870 -0.289315
v 0.287649 -1.860744 -0.289315
v 0.282122 -1.928617 -0.289315
v 0.265753 -1.993882 -0.289315
v 0.239172 -2.054030 -0.289315
v 0.203399 -2.106750 -0.289315
v 0.159809 -2.150017 -0.289315
v 0.110079 -2.182167 -0.289315
v 0.056118 -2.201965 -0.289315
v 0.055039 -1.519522 -0.267968
v 0.107964 -1.539320 -0.247442
v 0.156739 -1.571470 -0.228525
v 0.199491 -1.614737 -0.211944
v 0.234576 -1.667457 -0.198337
v 0.260647 -1.727605 -0.188225
v 0.276701 -1.792870 -0.181999
v 0.282122 -1.860744 -0.179896
v 0.276701 -1.928617 -0.181998
v 0.260647 -1.993881 -0.188225
v 0.234576 -2.054030 -0.198336
v 0.199491 -2.106750 -0.211944
v 0.156739 -2.150017 -0.228525
v 0.107964 -2.182167 -0.247442
v 0.055039 -2.201965 -0.267968
v 0.051846 -1.519522 -0.247442
v 0.101699 -1.539320 -0.207179
v 0.147645 -1.571470 -0.170071
v 0.187916 -1.614737 -0.137547
v 0.220966 -1.667457 -0.110854
v 0.245524 -1.727605 -0.091021
v 0.260647 -1.792870 -0.078807
v 0.265753 -1.860744 -0.074683
v 0.260647 -1.928617 -0.078807
v 0.245524 -1.993881 -0.091021
v 0.220966 -2.054030 -0.110854
v 0.187916 -2.106750 -0.137547
v 0.147645 -2.150017 -0.170071
v 0.101699 -2.182167 -0.207179
v 0.051846 -2.201965 -0.247442
v 0.046660 -1.519522 -0.228525
v 0.091527 -1.539320 -0.170071
v 0.132877 -1.571470 -0.116201
v 0.169120 -1.614737 -0.068982
v 0.198864 -1.667457 -0.030231
v 0.220966 -1.727605 -0.001436
v 0.234576 -1.792870 0.016296
v 0.239172 -1.860744 0.022283
v 0.234576 -1.928617 0.016296
v 0.220966 -1.993881 -0.001436
v 0.198864 -2.054030 -0.030231
v 0.169120 -2.106750 -0.068982
v 0.132877 -2.150017 -0.116200
v 0.091527 -2.182167 -0.170071
v 0.046660 -2.201965 -0.228525
v 0.039681 -1.519522 -0.211945
v 0.077837 -1.539320 -0.137547
v 0.113002 -1.571470 -0.068982
v 0.143825 -1.614737 -0.008884
v 0.169120 -1.667457 0.040437
v 0.187916 -1.727605 0.077085
v 0.199490 -1.792870 0.099654
v 0.203399 -1.860744 0.107274
v 0.199490 -1.928617 0.099654
v 0.187916 -1.993881 0.077085
v 0.169120 -2.054030 0.040437
v 0.143825 -2.106750 -0.008884
v 0.113002 -2.150017 -0.068982
v 0.077837 -2.182167 -0.137547
v 0.039681 -2.201965 -0.211944
v 0.031177 -1.519522 -0.198337
v 0.061156 -1.539320 -0.110855
v 0.088785 -1.571470 -0.030231
v 0.113002 -1.614737 0.040437
v 0.132877 -1.667457 0.098431
v 0.147645 -1.727605 0.141526
v 0.156739 -1.792870 0.168063
v 0.159809 -1.860744 0.177024
v 0.156739 -1.928617 0.168063
v 0.147645 -1.993881 0.141526
v 0.132877 -2.054030 0.098431
v 0.113002 -2.106750 0.040437
v 0.088785 -2.150017 -0.030231
v 0.061156 -2.182167 -0.110855
v 0.031177 -2.201965 -0.198336
v 0.021475 -1.519522 -0.188226
v 0.042125 -1.539320 -0.091021
v 0.061156 -1.571470 -0.001436
v 0.077837 -1.614737 0.077085
v 0.091527 -1.667457 0.141526
v 0.101699 -1.727605 0.189410
v 0.107964 -1.792870 0.218897
v 0.110078 -1.860744 0.228853
v 0.107964 -1.928617 0.218897
v 0.101699 -1.993881 0.189410
v 0.091527 -2.054030 0.141526
v 0.077837 -2.106750 0.077085
v 0.061156 -2.150017 -0.001436
v 0.042125 -2.182167 -0.091021
v 0.021475 -2.201965 -0.188226
v 0.010948 -1.519522 -0.181999
v 0.021475 -1.539320 -0.078807
v 0.031177 -1.571470 0.016295
v 0.039681 -1.614737 0.099654
v 0.046660 -1.667457 0.168063
v 0.051846 -1.727605 0.218897
v 0.055039 -1.792870 0.250199
v 0.056118 -1.860744 0.260769
v 0.055039 -1.928617 0.250199
v 0.051846 -1.993881 0.218897
v 0.046660 -2.054030 0.168063
v 0.039681 -2.106750 0.099654
v 0.031177 -2.150017 0.016295
v 0.021475 -2.182167 -0.078807
v 0.010948 -2.201965 -0.181999
v 0.000000 -1.519522 -0.179897
v 0.000000 -1.539320 -0.074683
v 0.000000 -1.571470 0.022282
v 0.000000 -1.614737 0.107274
v 0.000000 -1.667457 0.177024
v 0.000000 -1.727605 0.228853
v 0.000000 -1.792870 0.260769
v -0.000000 -1.860744 0.271546
v 0.000000 -1.928617 0.260769
v 0.000000 -1.993881 0.228853
v 0.000000 -2.054030 0.177024
v 0.000000 -2.106750 0.107274
v 0.000000 -2.150017 0.022283
v 0.000000 -2.182167 -0.074683
v 0.000000 -2.201965 -0.179896
v -0.010948 -1.519522 -0.181999
v -0.021475 -1.539320 -0.078807
v -0.031177 -1.571470 0.016295
v -0.039681 -1.614737 0.099654
v -0.046660 -1.667457 0.168063
v -0.051846 -1.727605 0.218897
v -0.055039 -1.792870 0.250199
v -0.056118 -1.860744 0.260769
v -0.055039 -1.928617 0.250199
v -0.051846 -1.993881 0.218897
v -0.046660 -2.054030 0.168063
v -0.039681 -2.106750 0.099654
v -0.031177 -2.150017 0.016295
v -0.021475 -2.182167 -0.078807
v -0.010948 -2.201965 -0.181999
v -0.021475 -1.519522 -0.188226
v -0.042125 -1.539320 -0.091021
v -0.061157 -1.571470 -0.001437
v -0.077837 -1.614737 0.077085
v -0.091527 -1.667457 0.141526
v -0.101699 -1.727605 0.189410
v -0.107964 -1.792870 0.218897
v -0.110079 -1.860744 0.228853
v -0.107964 -1.928617 0.218897
v -0.101699 -1.993881 0.189410
v -0.091527 -2.054030 0.141526
v -0.077837 -2.106750 0.077085
v -0.061157 -2.150017 -0.001436
v -0.042125 -2.182167 -0.091021
v -0.021475 -2.201965 -0.188226
v -0.031177 -1.519522 -0.198337
v -0.061157 -1.539320 -0.110855
v -0.088785 -1.571470 -0.030231
v -0.113002 -1.614737 0.040437
v -0.132877 -1.667457 0.098431
v -0.147645 -1.727605 0.141526
v -0.156739 -1.792870 0.168063
v -0.159809 -1.860744 0.177023
v -0.156739 -1.928617 0.168063
v -0.147645 -1.993881 0.141526
v -0.132877 -2.054030 0.098431
v -0.113002 -2.106750 0.040437
v -0.088785 -2.150017 -0.030231
v -0.061157 -2.182167 -0.110855
v -0.031177 -2.201965 -0.198336
v -0.039681 -1.519522 -0.211945
v -0.077837 -1.539320 -0.137547
v -0.113002 -1.571470 -0.068982
v -0.143825 -1.614737 -0.008884
v -0.169120 -1.667457 0.040436
v -0.187916 -1.727605 0.077085
v -0.199491 -1.792870 0.099653
v -0.203399 -1.860744 0.107273
v -0.199491 -1.928617 0.099653
v -0.187916 -1.993881 0.077085
v -0.169120 -2.054030 0.040436
v -0.143825 -2.106750 -0.008884
v -0.113002 -2.150017 -0.068982
v -0.077837 -2.182167 -0.137547
v -0.039681 -2.201965 -0.211944
v 0.000000 -2.208650 -0.289315
v -0.046660 -1.519522 -0.228525
v -0.091527 -1.539320 -0.170072
v -0.132877 -1.571470 -0.116201
v -0.169120 -1.614737 -0.068982
v -0.198864 -1.667457 -0.030231
v -0.220966 -1.727605 -0.001436
v -0.234576 -1.792870 0.016295
v -0.239172 -1.860744 0.022282
v -0.234576 -1.928617 0.016295
v -0.220966 -1.993881 -0.001436
v -0.198864 -2.054030 -0.030231
v -0.169120 -2.106750 -0.068982
v -0.132877 -2.150017 -0.116201
v -0.091527 -2.182167 -0.170072
v -0.046660 -2.201965 -0.228525
v -0.051846 -1.519522 -0.247442
v -0.101699 -1.539320 -0.207179
v -0.147645 -1.571470 -0.170072
v -0.187916 -1.614737 -0.137547
v -0.220966 -1.667457 -0.110855
v -0.245524 -1.727605 -0.091021
v -0.260647 -1.792870 -0.078807
v -0.265753 -1.860744 -0.074683
v -0.260647 -1.928617 -0.078807
v -0.245524 -1.993881 -0.091021
v -0.220966 -2.054030 -0.110855
v -0.187916 -2.106750 -0.137547
v -0.147645 -2.150017 -0.170072
v -0.101699 -2.182167 -0.207179
v -0.051846 -2.201965 -0.247442
v -0.055039 -1.519522 -0.267968
v -0.107964 -1.539320 -0.247442
v -0.156739 -1.571470 -0.228526
v -0.199491 -1.614737 -0.211945
v -0.234576 -1.667457 -0.198337
v -0.260647 -1.727605 -0.188225
v -0.276701 -1.792870 -0.181999
v -0.282122 -1.860744 -0.179897
v -0.276701 -1.928617 -0.181999
v -0.260647 -1.993881 -0.188225
v -0.234576 -2.054030 -0.198337
v -0.199491 -2.106750 -0.211944
v -0.156739 -2.150017 -0.228525
v -0.107964 -2.182167 -0.247442
v -0.055039 -2.201965 -0.267968
v -0.056118 -1.519522 -0.289315
v -0.110079 -1.539320 -0.289315
v -0.159809 -1.571470 -0.289315
v -0.203399 -1.614737 -0.289315
v -0.239172 -1.667457 -0.289315
v -0.265753 -1.727605 -0.289315
v -0.282122 -1.792870 -0.289315
v -0.287649 -1.860744 -0.289315
v -0.282122 -1.928617 -0.289315
v -0.265753 -1.993882 -0.289315
v -0.239172 -2.054030 -0.289315
v -0.203399 -2.106750 -0.289315
v -0.159809 -2.150017 -0.289315
v -0.110079 -2.182167 -0.289315
v -0.056118 -2.201965 -0.289315
v -0.055039 -1.519522 -0.310661
v -0.107964 -1.539320 -0.331188
v -0.156739 -1.571470 -0.350105
v -0.199491 -1.614737 -0.366686
v -0.234576 -1.667457 -0.380293
v -0.260647 -1.727606 -0.390404
v -0.276701 -1.792870 -0.396631
v -0.282122 -1.860744 -0.398733
v -0.276701 -1.928617 -0.396631
v -0.260647 -1.993882 -0.390404
v -0.234576 -2.054030 -0.380293
v -0.199491 -2.106750 -0.366685
v -0.156739 -2.150017 -0.350104
v -0.107964 -2.182167 -0.331188
v -0.055039 -2.201965 -0.310661
v -0.051846 -1.519522 -0.331188
v -0.101699 -1.539320 -0.371451
v -0.147645 -1.571470 -0.408558
v -0.187916 -1.614737 -0.441083
v -0.220966 -1.667457 -0.467775
v -0.245524 -1.727606 -0.487609
v -0.260647 -1.792870 -0.499823
v -0.265753 -1.860744 -0.503947
v -0.260647 -1.928617 -0.499823
v -0.245524 -1.993882 -0.487609
v -0.220966 -2.054030 -0.467775
v -0.187916 -2.106750 -0.441082
v -0.147645 -2.150017 -0.408558
v -0.101699 -2.182167 -0.371451
v -0.051846 -2.201965 -0.331188
v -0.046660 -1.519522 -0.350105
v -0.091527 -1.539320 -0.408558
v -0.132877 -1.571470 -0.462429
v -0.169120 -1.614737 -0.509648
v -0.198864 -1.667457 -0.548399
v -0.220966 -1.727606 -0.577193
v -0.234576 -1.792871 -0.594925
v -0.239172 -1.860744 -0.600912
v -0.234576 -1.928617 -0.594925
v -0.220966 -1.993882 -0.577193
v -0.198864 -2.054030 -0.548399
v -0.169120 -2.106750 -0.509647
v -0.132877 -2.150017 -0.462429
v -0.091527 -2.182167 -0.408558
v -0.046660 -2.201965 -0.350104
v -0.039681 -1.519522 -0.366686
v -0.077837 -1.539320 -0.441083
v -0.113002 -1.571470 -0.509648
v -0.143825 -1.614737 -0.569745
v -0.169120 -1.667457 -0.619066
v -0.187916 -1.727606 -0.655715
v -0.199490 -1.792871 -0.678283
v -0.203399 -1.860744 -0.685903
v -0.199490 -1.928617 -0.678283
v -0.187916 -1.993882 -0.655715
v -0.169120 -2.054030 -0.619066
v -0.143825 -2.106750 -0.569745
v -0.113002 -2.150017 -0.509647
v -0.077837 -2.182167 -0.441082
v -0.039681 -2.201965 -0.366685
v -0.031177 -1.519522 -0.380293
v -0.061156 -1.539320 -0.467775
v -0.088785 -1.571470 -0.548399
v -0.113002 -1.614737 -0.619066
v -0.132877 -1.667457 -0.677061
v -0.147645 -1.727606 -0.720155
v -0.156739 -1.792871 -0.746693
v -0.159809 -1.860744 -0.755653
v -0.156739 -1.928617 -0.746693
v -0.147645 -1.993882 -0.720155
v -0.132877 -2.054030 -0.677061
v -0.113002 -2.106750 -0.619066
v -0.088785 -2.150017 -0.548399
v -0.061156 -2.182167 -0.467775
v -0.031177 -2.201965 -0.380293
v -0.021475 -1.519522 -0.390404
v -0.042125 -1.539320 -0.487609
v -0.061156 -1.571470 -0.577193
v -0.077837 -1.614737 -0.655715
v -0.091527 -1.667457 -0.720155
v -0.101699 -1.727606 -0.768039
v -0.107964 -1.792871 -0.797526
v -0.110078 -1.860744 -0.807482
v -0.107964 -1.928617 -0.797526
v -0.101699 -1.993882 -0.768039
v -0.091527 -2.054030 -0.720155
v -0.077837 -2.106750 -0.655715
v -0.061156 -2.150017 -0.577193
v -0.042125 -2.182167 -0.487609
v -0.021475 -2.201965 -0.390404
v -0.010948 -1.519522 -0.396631
v -0.021475 -1.539320 -0.499823
v -0.031177 -1.571470 -0.594925
v -0.039681 -1.614737 -0.678283
v -0.046660 -1.667457 -0.746693
v -0.051846 -1.727606 -0.797526
v -0.055039 -1.792871 -0.828829
v -0.056117 -1.860744 -0.839398
v -0.055039 -1.928617 -0.828829
v -0.051846 -1.993882 -0.797526
v -0.046660 -2.054030 -0.746693
v -0.039681 -2.106750 -0.678283
v -0.031177 -2.150017 -0.594925
v -0.021475 -2.182167 -0.499823
v -0.010948 -2.201965 -0.396631
v 0.000000 -1.519522 -0.398733
v 0.000000 -1.539320 -0.503947
v 0.000000 -1.614737 -0.685903
v 0.000000 -1.727606 -0.807482
v 0.000000 -1.993882 -0.807482
v 0.000000 -2.106750 -0.685903
v 0.000000 -2.150017 -0.600912
v 0.000000 -2.182167 -0.503947
v 0.000000 -2.201965 -0.398733
v 0.000000 1.745616 -0.153343
v 0.000000 1.166384 -0.229495
v 0.000000 0.409579 -0.270707
v 0.000000 0.000000 -0.276011
v 0.000000 -0.409580 -0.270707
v 0.000000 -1.166384 -0.229494
v 0.010948 2.059095 -0.052813
v 0.021475 1.939625 -0.103595
v 0.031177 1.745616 -0.150397
v 0.039681 1.484524 -0.191419
v 0.046660 1.166384 -0.225085
v 0.051846 0.803419 -0.250101
v 0.055039 0.409579 -0.265505
v 0.056118 0.000000 -0.270707
v 0.055039 -0.409580 -0.265505
v 0.051846 -0.803419 -0.250101
v 0.046660 -1.166384 -0.225085
v 0.039681 -1.484524 -0.191419
v 0.031177 -1.745616 -0.150397
v 0.021475 -1.939625 -0.103595
v 0.010948 -2.059095 -0.052812
v 0.021475 2.059095 -0.049748
v 0.042125 1.939625 -0.097585
v 0.061156 1.745616 -0.141671
v 0.077837 1.484524 -0.180313
v 0.091527 1.166384 -0.212025
v 0.101699 0.803419 -0.235590
v 0.107964 0.409579 -0.250101
v 0.110079 0.000000 -0.255000
v 0.107964 -0.409580 -0.250101
v 0.101699 -0.803419 -0.235590
v 0.091527 -1.166384 -0.212025
v 0.077837 -1.484524 -0.180312
v 0.061156 -1.745616 -0.141671
v 0.042125 -1.939625 -0.097584
v 0.021475 -2.059095 -0.049748
v 0.031177 2.059095 -0.044772
v 0.061156 1.939625 -0.087824
v 0.088785 1.745616 -0.127500
v 0.113002 1.484524 -0.162277
v 0.132877 1.166384 -0.190818
v 0.147645 0.803419 -0.212025
v 0.156739 0.409579 -0.225085
v 0.159809 0.000000 -0.229494
v 0.156739 -0.409580 -0.225085
v 0.147645 -0.803419 -0.212025
v 0.132877 -1.166384 -0.190818
v 0.113002 -1.484524 -0.162277
v 0.088785 -1.745616 -0.127500
v 0.061156 -1.939625 -0.087823
v 0.031177 -2.059095 -0.044772
v 0.039681 2.059095 -0.038076
v 0.077837 1.939625 -0.074688
v 0.113002 1.745616 -0.108430
v 0.143825 1.484524 -0.138005
v 0.169120 1.166384 -0.162277
v 0.187916 0.803419 -0.180313
v 0.199491 0.409579 -0.191419
v 0.203399 0.000000 -0.195169
v 0.199491 -0.409580 -0.191419
v 0.187916 -0.803419 -0.180312
v 0.169120 -1.166384 -0.162277
v 0.143825 -1.484524 -0.138005
v 0.113002 -1.745616 -0.108430
v 0.077837 -1.939625 -0.074688
v 0.039681 -2.059095 -0.038075
v 0.046660 2.059095 -0.029916
v 0.091527 1.939625 -0.058682
v 0.132877 1.745616 -0.085193
v 0.169120 1.484524 -0.108430
v 0.198864 1.166384 -0.127500
v 0.220966 0.803419 -0.141671
v 0.234576 0.409579 -0.150397
v 0.239172 0.000000 -0.153343
v 0.234576 -0.409580 -0.150397
v 0.220966 -0.803419 -0.141671
v 0.198864 -1.166384 -0.127500
v 0.169120 -1.484524 -0.108430
v 0.132877 -1.745616 -0.085193
v 0.091527 -1.939625 -0.058682
v 0.046660 -2.059095 -0.029916
v 0.000000 2.099437 -0.000000
v 0.051846 2.059095 -0.020607
v 0.101699 1.939625 -0.040421
v 0.147645 1.745616 -0.058682
v 0.187916 1.484524 -0.074688
v 0.220966 1.166384 -0.087824
v 0.245524 0.803419 -0.097584
v 0.260647 0.409580 -0.103595
v 0.265753 0.000000 -0.105625
v 0.260647 -0.409580 -0.103595
v 0.245524 -0.803419 -0.097584
v 0.220966 -1.166384 -0.087824
v 0.187916 -1.484524 -0.074688
v 0.147645 -1.745616 -0.058682
v 0.101699 -1.939625 -0.040421
v 0.051846 -2.059095 -0.020606
v 0.055039 2.059095 -0.010505
v 0.107964 1.939625 -0.020607
v 0.156739 1.745616 -0.029916
v 0.199491 1.484524 -0.038076
v 0.234576 1.166384 -0.044772
v 0.260647 0.803419 -0.049748
v 0.276701 0.409580 -0.052812
v 0.282122 0.000000 -0.053847
v 0.276701 -0.409580 -0.052812
v 0.260647 -0.803419 -0.049748
v 0.234576 -1.166384 -0.044772
v 0.199491 -1.484524 -0.038076
v 0.156739 -1.745616 -0.029916
v 0.107964 -1.939625 -0.020606
v 0.055039 -2.059095 -0.010505
v 0.056118 2.059095 -0.000000
v 0.110079 1.939625 -0.000000
v 0.159809 1.745616 -0.000000
v 0.203399 1.484524 -0.000000
v 0.239172 1.166384 -0.000000
v 0.265753 0.803419 -0.000000
v 0.282122 0.409580 -0.000000
v 0.287649 0.000000 -0.000000
v 0.282122 -0.409580 0.000000
v 0.265753 -0.803419 0.000000
v 0.239172 -1.166384 0.000000
v 0.203399 -1.484524 0.000000
v 0.159809 -1.745616 0.000000
v 0.110079 -1.939625 0.000000
v 0.056118 -2.059095 0.000000
v 0.055039 2.059095 0.010505
v 0.107964 1.939625 0.020606
v 0.156739 1.745616 0.029916
v 0.199491 1.484524 0.038076
v 0.234576 1.166384 0.044772
v 0.260647 0.803419 0.049748
v 0.276701 0.409580 0.052812
v 0.282122 0.000000 0.053847
v 0.276701 -0.409580 0.052812
v 0.260647 -0.803419 0.049748
v 0.234576 -1.166384 0.044772
v 0.199491 -1.484524 0.038076
v 0.156739 -1.745616 0.029916
v 0.107964 -1.939625 0.020607
v 0.055039 -2.059095 0.010505
v 0.051846 2.059095 0.020606
v 0.101699 1.939625 0.040421
v 0.147645 1.745616 0.058682
v 0.187916 1.484524 0.074688
v 0.220966 1.166384 0.087824
v 0.245524 0.803419 0.097584
v 0.260647 0.409580 0.103595
v 0.265753 0.000000 0.105625
v 0.260647 -0.409580 0.103595
v 0.245524 -0.803419 0.097584
v 0.220966 -1.166384 0.087824
v 0.187916 -1.484524 0.074688
v 0.147645 -1.745616 0.058682
v 0.101699 -1.939625 0.040421
v 0.051846 -2.059095 0.020607
v 0.046660 2.059095 0.029916
v 0.091527 1.939625 0.058682
v 0.132877 1.745616 0.085193
v 0.169120 1.484524 0.108430
v 0.198864 1.166384 0.127500
v 0.220966 0.803419 0.141671
v 0.234576 0.409580 0.150397
v 0.239172 0.000000 0.153343
v 0.234576 -0.409579 0.150397
v 0.220966 -0.803419 0.141671
v 0.198864 -1.166384 0.127500
v 0.169120 -1.484524 0.108430
v 0.132877 -1.745616 0.085193
v 0.091527 -1.939625 0.058682
v 0.046660 -2.059095 0.029916
v 0.039681 2.059095 0.038075
v 0.077837 1.939625 0.074688
v 0.113002 1.745616 0.108430
v 0.143825 1.484524 0.138005
v 0.169120 1.166384 0.162277
v 0.187916 0.803419 0.180312
v 0.199490 0.409580 0.191419
v 0.203399 0.000000 0.195169
v 0.199490 -0.409579 0.191419
v 0.187916 -0.803419 0.180312
v 0.169120 -1.166384 0.162277
v 0.143825 -1.484524 0.138005
v 0.113002 -1.745616 0.108430
v 0.077837 -1.939625 0.074688
v 0.039681 -2.059095 0.038076
v 0.031177 2.059095 0.044772
v 0.061156 1.939625 0.087823
v 0.088785 1.745616 0.127500
v 0.113002 1.484524 0.162277
v 0.132877 1.166384 0.190817
v 0.147645 0.803419 0.212025
v 0.156739 0.409580 0.225085
v 0.159809 0.000000 0.229494
v 0.156739 -0.409579 0.225085
v 0.147645 -0.803419 0.212025
v 0.132877 -1.166384 0.190818
v 0.113002 -1.484524 0.162277
v 0.088785 -1.745616 0.127500
v 0.061156 -1.939625 0.087824
v 0.031177 -2.059095 0.044772
v 0.021475 2.059095 0.049748
v 0.042125 1.939625 0.097584
v 0.061156 1.745616 0.141671
v 0.077837 1.484524 0.180312
v 0.091527 1.166384 0.212025
v 0.101699 0.803419 0.235590
v 0.107964 0.409580 0.250101
v 0.110078 0.000000 0.255000
v 0.107964 -0.409579 0.250101
v 0.101699 -0.803419 0.235590
v 0.091527 -1.166384 0.212025
v 0.077837 -1.484524 0.180313
v 0.061156 -1.745616 0.141671
v 0.042125 -1.939625 0.097585
v 0.021475 -2.059095 0.049748
v 0.010948 2.059095 0.052812
v 0.021475 1.939625 0.103595
v 0.031177 1.745616 0.150396
v 0.039681 1.484524 0.191419
v 0.046660 1.166384 0.225084
v 0.051846 0.803419 0.250101
v 0.055039 0.409580 0.265505
v 0.056118 0.000000 0.270707
v 0.055039 -0.409579 0.265505
v 0.051846 -0.803419 0.250101
v 0.046660 -1.166384 0.225085
v 0.039681 -1.484524 0.191419
v 0.031177 -1.745616 0.150397
v 0.021475 -1.939625 0.103595
v 0.010948 -2.059095 0.052812
v 0.000000 2.059095 0.053847
v 0.000000 1.939625 0.105624
v 0.000000 1.745617 0.153343
v 0.000000 1.484524 0.195169
v 0.000000 1.166384 0.229494
v 0.000000 0.803419 0.255000
v 0.000000 0.409580 0.270707
v -0.000000 0.000000 0.276010
v 0.000000 -0.409579 0.270707
v 0.000000 -0.803419 0.255000
v 0.000000 -1.166384 0.229494
v 0.000000 -1.484524 0.195169
v 0.000000 -1.745616 0.153343
v 0.000000 -1.939625 0.105625
v 0.000000 -2.059095 0.053847
v -0.010948 2.059095 0.052812
v -0.021475 1.939625 0.103595
v -0.031177 1.745616 0.150396
v -0.039681 1.484524 0.191419
v -0.046660 1.166384 0.225084
v -0.051846 0.803419 0.250101
v -0.055039 0.409580 0.265505
v -0.056118 0.000000 0.270707
v -0.055039 -0.409579 0.265505
v -0.051846 -0.803419 0.250101
v -0.046660 -1.166384 0.225085
v -0.039681 -1.484524 0.191419
v -0.031177 -1.745616 0.150397
v -0.021475 -1.939625 0.103595
v -0.010948 -2.059095 0.052812
v -0.021475 2.059095 0.049748
v -0.042125 1.939625 0.097584
v -0.061157 1.745616 0.141670
v -0.077837 1.484524 0.180312
v -0.091527 1.166384 0.212025
v -0.101699 0.803419 0.235590
v -0.107964 0.409580 0.250101
v -0.110079 0.000000 0.255000
v -0.107964 -0.409579 0.250101
v -0.101699 -0.803419 0.235590
v -0.091527 -1.166384 0.212025
v -0.077837 -1.484524 0.180313
v -0.061157 -1.745616 0.141671
v -0.042125 -1.939625 0.097585
v -0.021475 -2.059095 0.049748
v -0.031177 2.059095 0.044772
v -0.061157 1.939625 0.087823
v -0.088785 1.745616 0.127500
v -0.113002 1.484524 0.162277
v -0.132877 1.166384 0.190817
v -0.147645 0.803419 0.212025
v -0.156739 0.409580 0.225085
v -0.159809 0.000000 0.229494
v -0.156739 -0.409579 0.225085
v -0.147645 -0.803419 0.212025
v -0.132877 -1.166384 0.190818
v -0.113002 -1.484524 0.162277
v -0.088785 -1.745616 0.127500
v -0.061157 -1.939625 0.087824
v -0.031177 -2.059095 0.044772
v -0.039681 2.059095 0.038075
v -0.077837 1.939625 0.074688
v -0.113002 1.745616 0.108430
v -0.143825 1.484524 0.138005
v -0.169120 1.166384 0.162277
v -0.187916 0.803419 0.180312
v -0.199491 0.409580 0.191419
v -0.203399 0.000000 0.195169
v -0.199491 -0.409579 0.191419
v -0.187916 -0.803419 0.180312
v -0.169120 -1.166384 0.162277
v -0.143825 -1.484524 0.138005
v -0.113002 -1.745616 0.108430
v -0.077837 -1.939625 0.074688
v -0.039681 -2.059095 0.038076
v 0.000000 -2.099436 0.000000
v -0.046660 2.059095 0.029916
v -0.091527 1.939625 0.058682
v -0.132877 1.745616 0.085193
v -0.169120 1.484524 0.108430
v -0.198864 1.166384 0.127500
v -0.220966 0.803419 0.141671
v -0.234576 0.409580 0.150397
v -0.239172 0.000000 0.153343
v -0.234576 -0.409579 0.150397
v -0.220966 -0.803419 0.141671
v -0.198864 -1.166384 0.127500
v -0.169120 -1.484524 0.108430
v -0.132877 -1.745616 0.085193
v -0.091527 -1.939625 0.058682
v -0.046660 -2.059095 0.029916
v -0.051846 2.059095 0.020606
v -0.101699 1.939625 0.040421
v -0.147645 1.745616 0.058682
v -0.187916 1.484524 0.074688
v -0.220966 1.166384 0.087824
v -0.245524 0.803419 0.097584
v -0.260647 0.409580 0.103595
v -0.265753 0.000000 0.105624
v -0.260647 -0.409580 0.103595
v -0.245524 -0.803419 0.097584
v -0.220966 -1.166384 0.087824
v -0.187916 -1.484524 0.074688
v -0.147645 -1.745616 0.058682
v -0.101699 -1.939625 0.040421
v -0.051846 -2.059095 0.020607
v -0.055039 2.059095 0.010505
v -0.107964 1.939625 0.020606
v -0.156739 1.745616 0.029915
v -0.199491 1.484524 0.038075
v -0.234576 1.166384 0.044772
v -0.260647 0.803419 0.049748
v -0.276701 0.409580 0.052812
v -0.282122 0.000000 0.053847
v -0.276701 -0.409580 0.052812
v -0.260647 -0.803419 0.049748
v -0.234576 -1.166384 0.044772
v -0.199491 -1.484524 0.038076
v -0.156739 -1.745616 0.029916
v -0.107964 -1.939625 0.020607
v -0.055039 -2.059095 0.010505
v -0.056118 2.059095 -0.000000
v -0.110079 1.939625 -0.000000
v -0.159809 1.745616 -0.000000
v -0.203399 1.484524 -0.000000
v -0.239172 1.166384 -0.000000
v -0.265753 0.803419 -0.000000
v -0.282122 0.409580 -0.000000
v -0.287649 0.000000 -0.000000
v -0.282122 -0.409580 0.000000
v -0.265753 -0.803419 0.000000
v -0.239172 -1.166384 0.000000
v -0.203399 -1.484524 0.000000
v -0.159809 -1.745616 0.000000
v -0.110079 -1.939625 0.000000
v -0.056118 -2.059095 0.000000
v -0.055039 2.059095 -0.010505
v -0.107964 1.939625 -0.020607
v -0.156739 1.745616 -0.029916
v -0.199491 1.484524 -0.038076
v -0.234576 1.166384 -0.044772
v -0.260647 0.803419 -0.049748
v -0.276701 0.409580 -0.052812
v -0.282122 0.000000 -0.053847
v -0.276701 -0.409580 -0.052812
v -0.260647 -0.803419 -0.049748
v -0.234576 -1.166384 -0.044772
v -0.199491 -1.484524 -0.038076
v -0.156739 -1.745616 -0.029916
v -0.107964 -1.939625 -0.020606
v -0.055039 -2.059095 -0.010505
v -0.051846 2.059095 -0.020607
v -0.101699 1.939625 -0.040421
v -0.147645 1.745616 -0.058682
v -0.187916 1.484524 -0.074688
v -0.220966 1.166384 -0.087824
v -0.245524 0.803419 -0.097584
v -0.260647 0.409580 -0.103595
v -0.265753 0.000000 -0.105625
v -0.260647 -0.409580 -0.103595
v -0.245524 -0.803419 -0.097584
v -0.220966 -1.166384 -0.087824
v -0.187916 -1.484524 -0.074688
v -0.147645 -1.745616 -0.058682
v -0.101699 -1.939625 -0.040421
v -0.051846 -2.059095 -0.020606
v -0.046660 2.059095 -0.029916
v -0.091527 1.939625 -0.058682
v -0.132877 1.745616 -0.085193
v -0.169120 1.484524 -0.108430
v -0.198864 1.166384 -0.127500
v -0.220966 0.803419 -0.141671
v -0.234576 0.409579 -0.150397
v -0.239172 0.000000 -0.153343
v -0.234576 -0.409580 -0.150397
v -0.220966 -0.803419 -0.141671
v -0.198864 -1.166384 -0.127500
v -0.169120 -1.484524 -0.108430
v -0.132877 -1.745616 -0.085193
v -0.091527 -1.939625 -0.058682
v -0.046660 -2.059095 -0.029916
v -0.039681 2.059095 -0.038076
v -0.077837 1.939625 -0.074688
v -0.113002 1.745616 -0.108430
v -0.143825 1.484524 -0.138005
v -0.169120 1.166384 -0.162277
v -0.187916 0.803419 -0.180313
v -0.199490 0.409579 -0.191419
v -0.203399 0.000000 -0.195169
v -0.199490 -0.409580 -0.191419
v -0.187916 -0.803419 -0.180312
v -0.169120 -1.166384 -0.162277
v -0.143825 -1.484524 -0.138005
v -0.113002 -1.745616 -0.108430
v -0.077837 -1.939625 -0.074688
v -0.039681 -2.059095 -0.038075
v -0.031177 2.059095 -0.044772
v -0.061156 1.939625 -0.087824
v -0.088785 1.745616 -0.127500
v -0.113002 1.484524 -0.162277
v -0.132877 1.166384 -0.190818
v -0.147645 0.803419 -0.212025
v -0.156739 0.409579 -0.225085
v -0.159809 0.000000 -0.229494
v -0.156739 -0.409580 -0.225085
v -0.147645 -0.803419 -0.212025
v -0.132877 -1.166384 -0.190817
v -0.113002 -1.484524 -0.162277
v -0.088785 -1.745616 -0.127500
v -0.061156 -1.939625 -0.087823
v -0.031177 -2.059095 -0.044772
v -0.021475 2.059095 -0.049748
v -0.042125 1.939625 -0.097585
v -0.061156 1.745616 -0.141671
v -0.077837 1.484524 -0.180313
v -0.091527 1.166384 -0.212025
v -0.101699 0.803419 -0.235590
v -0.107964 0.409579 -0.250101
v -0.110078 0.000000 -0.255000
v -0.107964 -0.409580 -0.250101
v -0.101699 -0.803419 -0.235590
v -0.091527 -1.166384 -0.212025
v -0.077837 -1.484524 -0.180312
v -0.061156 -1.745616 -0.141670
v -0.042125 -1.939625 -0.097584
v -0.021475 -2.059095 -0.049748
v -0.010948 2.059095 -0.052812
v -0.021475 1.939625 -0.103595
v -0.031177 1.745616 -0.150397
v -0.039681 1.484524 -0.191419
v -0.046660 1.166384 -0.225085
v -0.051846 0.803419 -0.250101
v -0.055039 0.409579 -0.265505
v -0.056117 0.000000 -0.270707
v -0.055039 -0.409580 -0.265505
v -0.051846 -0.803419 -0.250101
v -0.046660 -1.166384 -0.225084
v -0.039681 -1.484524 -0.191419
v -0.031177 -1.745616 -0.150397
v -0.021475 -1.939625 -0.103595
v -0.010948 -2.059095 -0.052812
v 0.000000 2.059095 -0.053847
v 0.000000 1.939625 -0.105625
v 0.000000 1.484524 -0.195169
v 0.000000 0.803419 -0.255000
v 0.000000 -0.803419 -0.255000
v 0.000000 -1.484524 -0.195169
v 0.000000 -1.745617 -0.153343
v 0.000000 -1.939625 -0.105625
v 0.000000 -2.059095 -0.053847
vn -0.0000 -0.9676 -0.2526
vn 0.0480 -0.9912 -0.1237
vn -0.0000 -0.9920 -0.1262
vn -0.0000 0.3036 -0.9528
vn 0.3616 -0.0000 -0.9323
vn -0.0000 -0.0000 -1.0000
vn -0.0000 0.9920 -0.1262
vn -0.0000 1.0000 -0.0000
vn 0.0480 0.9912 -0.1237
vn -0.0000 -1.0000 -0.0000
vn -0.0000 -0.3036 -0.9528
vn 0.3461 -0.2899 -0.8923
vn -0.0000 0.9676 -0.2526
vn 0.0958 0.9643 -0.2469
vn 0.3059 -0.5334 -0.7886
vn -0.0000 -0.5528 -0.8333
vn -0.0000 0.9223 -0.3865
vn 0.1459 0.9150 -0.3761
vn 0.2536 -0.7129 -0.6538
vn -0.0000 -0.7304 -0.6830
vn -0.0000 0.8477 -0.5304
vn 0.1988 0.8353 -0.5126
vn 0.1988 -0.8353 -0.5126
vn -0.0000 -0.8477 -0.5304
vn -0.0000 0.7304 -0.6830
vn 0.2536 0.7129 -0.6538
vn 0.1459 -0.9150 -0.3761
vn -0.0000 -0.9223 -0.3865
vn -0.0000 0.5528 -0.8333
vn 0.3059 0.5334 -0.7886
vn 0.0958 -0.9643 -0.2469
vn 0.3461 0.2899 -0.8923
vn 0.5485 0.4877 -0.6792
vn 0.2799 -0.8953 -0.3466
vn 0.1860 -0.9552 -0.2304
vn 0.6068 0.2592 -0.7514
vn 0.0939 -0.9888 -0.1163
vn 0.6283 -0.0000 -0.7780
vn 0.0939 0.9888 -0.1163
vn 0.6068 -0.2592 -0.7514
vn 0.1860 0.9552 -0.2304
vn 0.5485 -0.4877 -0.6792
vn 0.2799 0.8953 -0.3466
vn 0.4669 -0.6691 -0.5781
vn 0.3747 0.8027 -0.4640
vn 0.3747 -0.8027 -0.4640
vn 0.4669 0.6691 -0.5781
vn 0.7135 -0.4370 -0.5477
vn 0.3940 0.8679 -0.3024
vn 0.6246 -0.6165 -0.4794
vn 0.5153 0.7603 -0.3955
vn 0.5153 -0.7603 -0.3955
vn 0.6246 0.6165 -0.4794
vn 0.3940 -0.8679 -0.3024
vn 0.7135 0.4370 -0.5477
vn 0.2664 -0.9419 -0.2045
vn 0.7725 0.2273 -0.5929
vn 0.1358 -0.9852 -0.1042
vn 0.7933 -0.0000 -0.6089
vn 0.1358 0.9852 -0.1042
vn 0.7725 -0.2273 -0.5929
vn 0.2664 0.9419 -0.2045
vn 0.4846 -0.8387 -0.2485
vn 0.3337 -0.9270 -0.1711
vn 0.8180 0.3936 -0.4195
vn 0.8716 0.2015 -0.4470
vn 0.1721 -0.9811 -0.0883
vn 0.8898 -0.0000 -0.4563
vn 0.1721 0.9811 -0.0883
vn 0.8716 -0.2015 -0.4470
vn 0.3337 0.9270 -0.1711
vn 0.8180 -0.3936 -0.4195
vn 0.4846 0.8387 -0.2485
vn 0.7323 -0.5680 -0.3756
vn 0.6193 0.7180 -0.3176
vn 0.6193 -0.7180 -0.3176
vn 0.7323 0.5680 -0.3756
vn 0.8822 -0.3610 -0.3023
vn 0.8026 -0.5294 -0.2750
vn 0.6918 0.6820 -0.2371
vn 0.6918 -0.6820 -0.2371
vn 0.8026 0.5294 -0.2750
vn 0.5518 -0.8123 -0.1891
vn 0.8822 0.3610 -0.3023
vn 0.3863 -0.9128 -0.1324
vn 0.9301 0.1828 -0.3187
vn 0.2016 -0.9770 -0.0691
vn 0.9460 -0.0000 -0.3242
vn 0.2016 0.9770 -0.0691
vn 0.9301 -0.1828 -0.3187
vn 0.3863 0.9128 -0.1324
vn 0.5518 0.8123 -0.1891
vn 0.4238 -0.9013 -0.0900
vn 0.2232 -0.9736 -0.0474
vn 0.9638 0.1705 -0.2048
vn 0.9782 -0.0000 -0.2078
vn 0.2232 0.9736 -0.0474
vn 0.9638 -0.1705 -0.2048
vn 0.4238 0.9013 -0.0900
vn 0.9203 -0.3389 -0.1955
vn 0.5976 0.7917 -0.1270
vn 0.8459 -0.5021 -0.1797
vn 0.7387 0.6555 -0.1569
vn 0.7387 -0.6555 -0.1569
vn 0.8459 0.5021 -0.1797
vn 0.5976 -0.7917 -0.1270
vn 0.9203 0.3389 -0.1955
vn 0.7650 0.6393 -0.0780
vn 0.7650 -0.6393 -0.0780
vn 0.8694 0.4861 -0.0887
vn 0.6241 -0.7788 -0.0637
vn 0.9404 0.3262 -0.0959
vn 0.4462 -0.8938 -0.0455
vn 0.9814 0.1636 -0.1001
vn 0.2364 -0.9714 -0.0241
vn 0.9948 -0.0000 -0.1015
vn 0.2364 0.9714 -0.0241
vn 0.9814 -0.1636 -0.1001
vn 0.4462 0.8938 -0.0455
vn 0.9404 -0.3262 -0.0959
vn 0.6241 0.7788 -0.0637
vn 0.8694 -0.4861 -0.0887
vn 0.9869 0.1613 -0.0000
vn 1.0000 -0.0000 -0.0000
vn 0.2408 0.9706 -0.0000
vn 0.2408 -0.9706 -0.0000
vn 0.9869 -0.1613 -0.0000
vn 0.4536 0.8912 -0.0000
vn 0.9467 -0.3221 -0.0000
vn 0.6327 0.7744 -0.0000
vn 0.8768 -0.4809 -0.0000
vn 0.7734 0.6340 -0.0000
vn 0.7734 -0.6340 -0.0000
vn 0.8768 0.4809 -0.0000
vn 0.6327 -0.7744 -0.0000
vn 0.9467 0.3221 -0.0000
vn 0.4536 -0.8912 -0.0000
vn 0.7650 -0.6393 0.0780
vn 0.7650 0.6393 0.0780
vn 0.8694 0.4861 0.0887
vn 0.6241 -0.7788 0.0637
vn 0.9404 0.3262 0.0959
vn 0.4462 -0.8938 0.0455
vn 0.9814 0.1636 0.1001
vn 0.2364 -0.9714 0.0241
vn 0.9948 -0.0000 0.1015
vn 0.2364 0.9714 0.0241
vn 0.9814 -0.1636 0.1001
vn 0.4462 0.8938 0.0455
vn 0.9404 -0.3262 0.0959
vn 0.6241 0.7788 0.0637
vn 0.8694 -0.4861 0.0887
vn 0.2232 0.9736 0.0474
vn 0.2232 -0.9736 0.0474
vn 0.9638 -0.1705 0.2048
vn 0.4238 0.9013 0.0900
vn 0.9203 -0.3389 0.1955
vn 0.5976 0.7917 0.1270
vn 0.8459 -0.5021 0.1797
vn 0.7387 0.6555 0.1569
vn 0.7387 -0.6555 0.1569
vn 0.8459 0.5021 0.1797
vn 0.5976 -0.7917 0.1270
vn 0.9203 0.3389 0.1955
vn 0.4238 -0.9013 0.0900
vn 0.9638 0.1705 0.2048
vn 0.9782 -0.0000 0.2078
vn 0.6918 0.6820 0.2371
vn 0.8026 0.5294 0.2750
vn 0.6918 -0.6820 0.2371
vn 0.5518 -0.8123 0.1891
vn 0.8822 0.3610 0.3023
vn 0.3863 -0.9128 0.1324
vn 0.9301 0.1828 0.3187
vn 0.2016 -0.9770 0.0691
vn 0.9460 -0.0000 0.3242
vn 0.2016 0.9770 0.0691
vn 0.9301 -0.1828 0.3187
vn 0.3863 0.9128 0.1324
vn 0.8822 -0.3610 0.3023
vn 0.5518 0.8123 0.1891
vn 0.8026 -0.5294 0.2750
vn 0.8716 -0.2015 0.4470
vn 0.3337 0.9270 0.1711
vn 0.8180 -0.3936 0.4195
vn 0.4846 0.8387 0.2485
vn 0.7323 -0.5680 0.3756
vn 0.6194 0.7180 0.3176
vn 0.6194 -0.7180 0.3176
vn 0.7323 0.5680 0.3756
vn 0.4846 -0.8387 0.2485
vn 0.8180 0.3936 0.4195
vn 0.3337 -0.9270 0.1711
vn 0.8716 0.2015 0.4470
vn 0.1721 -0.9811 0.0883
vn 0.8898 -0.0000 0.4564
vn 0.1721 0.9811 0.0883
vn 0.5153 -0.7603 0.3955
vn 0.3940 -0.8679 0.3024
vn 0.7135 0.4370 0.5477
vn 0.2664 -0.9419 0.2045
vn 0.7725 0.2273 0.5929
vn 0.1358 -0.9852 0.1042
vn 0.7933 -0.0000 0.6089
vn 0.1358 0.9852 0.1042
vn 0.7725 -0.2273 0.5929
vn 0.2664 0.9419 0.2044
vn 0.7135 -0.4370 0.5477
vn 0.3940 0.8679 0.3024
vn 0.6246 -0.6165 0.4794
vn 0.5153 0.7603 0.3955
vn 0.6246 0.6165 0.4794
vn 0.5485 -0.4877 0.6792
vn 0.2799 0.8953 0.3466
vn 0.4669 -0.6691 0.5781
vn 0.3747 0.8027 0.4640
vn 0.3747 -0.8027 0.4640
vn 0.4669 0.6691 0.5781
vn 0.2799 -0.8953 0.3466
vn 0.5485 0.4877 0.6792
vn 0.1860 -0.9552 0.2304
vn 0.6068 0.2592 0.7514
vn 0.0939 -0.9888 0.1163
vn 0.6283 -0.0000 0.7780
vn 0.0939 0.9888 0.1163
vn 0.6068 -0.2592 0.7514
vn 0.1860 0.9552 0.2304
vn 0.1459 -0.9150 0.3761
vn 0.0958 -0.9643 0.2469
vn 0.3059 0.5334 0.7886
vn 0.3461 0.2899 0.8923
vn 0.0480 -0.9912 0.1237
vn 0.3616 -0.0000 0.9323
vn 0.0480 0.9912 0.1237
vn 0.3461 -0.2899 0.8923
vn 0.0958 0.9643 0.2469
vn 0.3059 -0.5334 0.7886
vn 0.1459 0.9150 0.3761
vn 0.2536 -0.7129 0.6538
vn 0.1988 0.8353 0.5126
vn 0.1988 -0.8353 0.5126
vn 0.2536 0.7129 0.6538
vn -0.0000 0.9223 0.3865
vn -0.0000 -0.5528 0.8333
vn -0.0000 -0.7304 0.6830
vn -0.0000 0.8477 0.5304
vn -0.0000 -0.8477 0.5304
vn -0.0000 0.7304 0.6830
vn -0.0000 -0.9223 0.3865
vn -0.0000 0.5528 0.8333
vn -0.0000 -0.9676 0.2526
vn -0.0000 0.3036 0.9528
vn -0.0000 -0.9920 0.1262
vn -0.0000 -0.0000 1.0000
vn -0.0000 0.9920 0.1262
vn -0.0000 -0.3036 0.9528
vn -0.0000 0.9676 0.2526
vn -0.3059 0.5334 0.7886
vn -0.3461 0.2899 0.8923
vn -0.0480 -0.9912 0.1237
vn -0.3616 -0.0000 0.9323
vn -0.0480 0.9912 0.1237
vn -0.3461 -0.2899 0.8923
vn -0.0958 0.9643 0.2469
vn -0.3059 -0.5334 0.7886
vn -0.1459 0.9150 0.3761
vn -0.2536 -0.7129 0.6538
vn -0.1988 0.8353 0.5126
vn -0.1988 -0.8353 0.5126
vn -0.2536 0.7129 0.6538
vn -0.1459 -0.9150 0.3761
vn -0.0958 -0.9643 0.2469
vn -0.5485 -0.4877 0.6792
vn -0.4669 -0.6691 0.5781
vn -0.3747 0.8027 0.4640
vn -0.3747 -0.8027 0.4640
vn -0.4669 0.6691 0.5781
vn -0.2799 -0.8953 0.3466
vn -0.5485 0.4877 0.6792
vn -0.1860 -0.9552 0.2304
vn -0.6068 0.2592 0.7514
vn -0.0939 -0.9888 0.1163
vn -0.6283 -0.0000 0.7780
vn -0.0939 0.9888 0.1163
vn -0.6068 -0.2592 0.7514
vn -0.1860 0.9552 0.2304
vn -0.2799 0.8953 0.3466
vn -0.2664 -0.9419 0.2045
vn -0.1358 -0.9852 0.1042
vn -0.7725 0.2273 0.5929
vn -0.7933 -0.0000 0.6089
vn -0.1358 0.9852 0.1042
vn -0.7725 -0.2273 0.5929
vn -0.2664 0.9419 0.2045
vn -0.7135 -0.4370 0.5477
vn -0.3940 0.8679 0.3024
vn -0.6246 -0.6165 0.4794
vn -0.5153 0.7603 0.3955
vn -0.5153 -0.7603 0.3955
vn -0.6246 0.6165 0.4794
vn -0.3940 -0.8679 0.3024
vn -0.7135 0.4370 0.5477
vn -0.6193 0.7180 0.3176
vn -0.6193 -0.7180 0.3176
vn -0.7323 0.5680 0.3756
vn -0.4846 -0.8387 0.2485
vn -0.8180 0.3936 0.4195
vn -0.3337 -0.9270 0.1711
vn -0.8716 0.2015 0.4470
vn -0.1721 -0.9811 0.0883
vn -0.8898 -0.0000 0.4564
vn -0.1721 0.9811 0.0883
vn -0.8716 -0.2015 0.4470
vn -0.3337 0.9270 0.1711
vn -0.8180 -0.3936 0.4195
vn -0.4846 0.8387 0.2485
vn -0.7323 -0.5680 0.3756
vn -0.9301 0.1828 0.3187
vn -0.9460 -0.0000 0.3242
vn -0.2016 0.9770 0.0691
vn -0.2016 -0.9770 0.0691
vn -0.9301 -0.1828 0.3187
vn -0.3863 0.9128 0.1324
vn -0.8822 -0.3610 0.3023
vn -0.5518 0.8123 0.1891
vn -0.8026 -0.5294 0.2750
vn -0.6918 0.6820 0.2371
vn -0.6918 -0.6820 0.2371
vn -0.8026 0.5294 0.2750
vn -0.5518 -0.8123 0.1891
vn -0.8822 0.3610 0.3023
vn -0.3863 -0.9128 0.1324
vn -0.7387 -0.6555 0.1569
vn -0.7387 0.6555 0.1569
vn -0.8459 0.5021 0.1797
vn -0.5976 -0.7917 0.1270
vn -0.9203 0.3389 0.1955
vn -0.4238 -0.9013 0.0900
vn -0.9638 0.1705 0.2048
vn -0.2232 -0.9736 0.0474
vn -0.9782 -0.0000 0.2078
vn -0.2232 0.9736 0.0474
vn -0.9638 -0.1705 0.2048
vn -0.4238 0.9013 0.0900
vn -0.9203 -0.3389 0.1955
vn -0.5976 0.7917 0.1270
vn -0.8459 -0.5021 0.1797
vn -0.2364 -0.9714 0.0241
vn -0.9814 -0.1636 0.1001
vn -0.4462 0.8938 0.0455
vn -0.9404 -0.3262 0.0959
vn -0.6241 0.7788 0.0637
vn -0.8694 -0.4861 0.0887
vn -0.7650 0.6393 0.0780
vn -0.7650 -0.6393 0.0780
vn -0.8694 0.4861 0.0887
vn -0.6241 -0.7788 0.0637
vn -0.9404 0.3262 0.0959
vn -0.4462 -0.8938 0.0455
vn -0.9814 0.1636 0.1001
vn -0.9948 -0.0000 0.1015
vn -0.2364 0.9714 0.0241
vn -0.7734 -0.6340 -0.0000
vn -0.6327 -0.7744 -0.0000
vn -0.9467 0.3221 -0.0000
vn -0.4536 -0.8912 -0.0000
vn -0.9869 0.1613 -0.0000
vn -0.2408 -0.9706 -0.0000
vn -1.0000 -0.0000 -0.0000
vn -0.2408 0.9706 -0.0000
vn -0.9869 -0.1613 -0.0000
vn -0.4536 0.8912 -0.0000
vn -0.9467 -0.3221 -0.0000
vn -0.6327 0.7744 -0.0000
vn -0.8768 -0.4809 -0.0000
vn -0.7734 0.6340 -0.0000
vn -0.8768 0.4809 -0.0000
vn -0.4462 0.8938 -0.0455
vn -0.9404 -0.3262 -0.0959
vn -0.6241 0.7788 -0.0637
vn -0.8694 -0.4861 -0.0887
vn -0.7650 0.6393 -0.0780
vn -0.7650 -0.6393 -0.0780
vn -0.8694 0.4861 -0.0887
vn -0.6241 -0.7788 -0.0637
vn -0.9404 0.3262 -0.0959
vn -0.4462 -0.8938 -0.0455
vn -0.9814 0.1636 -0.1001
vn -0.2364 -0.9714 -0.0241
vn -0.9948 -0.0000 -0.1015
vn -0.2364 0.9714 -0.0241
vn -0.9814 -0.1636 -0.1001
vn -0.9203 0.3389 -0.1955
vn -0.4238 -0.9013 -0.0900
vn -0.9638 0.1705 -0.2048
vn -0.2232 -0.9736 -0.0474
vn -0.9782 -0.0000 -0.2078
vn -0.2232 0.9736 -0.0474
vn -0.9638 -0.1705 -0.2048
vn -0.4238 0.9013 -0.0900
vn -0.9203 -0.3389 -0.1955
vn -0.5976 0.7917 -0.1270
vn -0.8459 -0.5021 -0.1797
vn -0.7387 0.6555 -0.1569
vn -0.7387 -0.6555 -0.1569
vn -0.8459 0.5021 -0.1797
vn -0.5976 -0.7917 -0.1270
vn -0.8822 -0.3610 -0.3023
vn -0.5518 0.8123 -0.1891
vn -0.8026 -0.5294 -0.2750
vn -0.6918 0.6820 -0.2371
vn -0.6918 -0.6820 -0.2371
vn -0.8026 0.5294 -0.2750
vn -0.5518 -0.8123 -0.1891
vn -0.8822 0.3610 -0.3023
vn -0.3863 -0.9128 -0.1324
vn -0.9301 0.1828 -0.3187
vn -0.2016 -0.9770 -0.0691
vn -0.9460 -0.0000 -0.3242
vn -0.2016 0.9770 -0.0691
vn -0.9301 -0.1828 -0.3187
vn -0.3863 0.9128 -0.1324
vn -0.3337 -0.9270 -0.1711
vn -0.8180 0.3936 -0.4195
vn -0.8716 0.2015 -0.4470
vn -0.1721 -0.9811 -0.0883
vn -0.8898 -0.0000 -0.4564
vn -0.1721 0.9811 -0.0883
vn -0.8716 -0.2015 -0.4470
vn -0.3337 0.9270 -0.1711
vn -0.8180 -0.3936 -0.4195
vn -0.4846 0.8387 -0.2485
vn -0.7323 -0.5680 -0.3756
vn -0.6194 0.7180 -0.3176
vn -0.6194 -0.7180 -0.3176
vn -0.7323 0.5680 -0.3756
vn -0.4846 -0.8387 -0.2485
vn -0.2664 0.9419 -0.2045
vn -0.3940 0.8679 -0.3024
vn -0.7135 -0.4370 -0.5477
vn -0.6246 -0.6165 -0.4794
vn -0.5153 0.7603 -0.3955
vn -0.5153 -0.7603 -0.3955
vn -0.6246 0.6165 -0.4794
vn -0.3940 -0.8679 -0.3024
vn -0.7135 0.4370 -0.5477
vn -0.2664 -0.9419 -0.2045
vn -0.7725 0.2273 -0.5929
vn -0.1358 -0.9852 -0.1042
vn -0.7933 -0.0000 -0.6089
vn -0.1358 0.9852 -0.1042
vn -0.7725 -0.2273 -0.5929
vn -0.5485 0.4877 -0.6792
vn -0.6068 0.2592 -0.7514
vn -0.0939 -0.9888 -0.1163
vn -0.6283 -0.0000 -0.7780
vn -0.0939 0.9888 -0.1163
vn -0.6068 -0.2592 -0.7514
vn -0.1860 0.9552 -0.2304
vn -0.5485 -0.4877 -0.6792
vn -0.2799 0.8953 -0.3466
vn -0.4669 -0.6691 -0.5781
vn -0.3747 0.8027 -0.4640
vn -0.3747 -0.8027 -0.4640
vn -0.4669 0.6691 -0.5781
vn -0.2799 -0.8953 -0.3466
vn -0.1860 -0.9552 -0.2304
vn -0.3059 -0.5334 -0.7886
vn -0.2536 -0.7129 -0.6538
vn -0.1988 0.8353 -0.5126
vn -0.1988 -0.8353 -0.5126
vn -0.2536 0.7129 -0.6538
vn -0.1459 -0.9150 -0.3761
vn -0.3059 0.5334 -0.7886
vn -0.0958 -0.9643 -0.2469
vn -0.3461 0.2899 -0.8923
vn -0.0480 -0.9912 -0.1237
vn -0.3616 -0.0000 -0.9323
vn -0.0480 0.9912 -0.1237
vn -0.3461 -0.2899 -0.8923
vn -0.0958 0.9643 -0.2469
vn -0.1459 0.9150 -0.3761
vn -0.0000 -0.3202 -0.9474
vn 0.1471 -0.6375 -0.7562
vn -0.0000 -0.6374 -0.7705
vn -0.0000 0.0264 -0.9997
vn 0.1890 -0.0000 -0.9820
vn -0.0000 0.6374 -0.7705
vn 0.1471 0.6375 -0.7562
vn -0.0000 -0.0264 -0.9997
vn 0.1889 -0.0264 -0.9816
vn -0.0000 0.3202 -0.9474
vn 0.1797 0.3206 -0.9300
vn 0.1887 -0.0551 -0.9805
vn -0.0000 -0.0550 -0.9985
vn -0.0000 0.1987 -0.9801
vn 0.1855 0.1990 -0.9623
vn 0.1883 -0.0888 -0.9781
vn -0.0000 -0.0887 -0.9961
vn -0.0000 0.1328 -0.9911
vn 0.1874 0.1330 -0.9732
vn 0.1874 -0.1330 -0.9732
vn -0.0000 -0.1328 -0.9911
vn -0.0000 0.0887 -0.9961
vn 0.1883 0.0888 -0.9781
vn 0.1855 -0.1990 -0.9623
vn -0.0000 -0.1987 -0.9801
vn -0.0000 0.0550 -0.9985
vn 0.1887 0.0551 -0.9805
vn 0.1797 -0.3206 -0.9300
vn 0.1889 0.0264 -0.9816
vn 0.3717 0.0553 -0.9267
vn 0.3652 -0.1999 -0.9092
vn 0.3536 -0.3219 -0.8783
vn 0.3721 0.0266 -0.9278
vn 0.2890 -0.6377 -0.7140
vn 0.3722 -0.0000 -0.9281
vn 0.2890 0.6377 -0.7140
vn 0.3721 -0.0266 -0.9278
vn 0.3536 0.3219 -0.8783
vn 0.3717 -0.0553 -0.9267
vn 0.3652 0.1999 -0.9092
vn 0.3709 -0.0892 -0.9244
vn 0.3691 0.1335 -0.9197
vn 0.3691 -0.1335 -0.9197
vn 0.3709 0.0892 -0.9244
vn 0.5429 -0.0557 -0.8379
vn 0.5332 0.2011 -0.8217
vn 0.5417 -0.0898 -0.8358
vn 0.5391 0.1344 -0.8315
vn 0.5391 -0.1344 -0.8315
vn 0.5417 0.0898 -0.8358
vn 0.5332 -0.2011 -0.8217
vn 0.5429 0.0557 -0.8379
vn 0.5159 -0.3237 -0.7932
vn 0.5435 0.0267 -0.8390
vn 0.4212 -0.6372 -0.6454
vn 0.5437 -0.0000 -0.8393
vn 0.4212 0.6372 -0.6454
vn 0.5435 -0.0267 -0.8390
vn 0.5159 0.3237 -0.7932
vn 0.6831 -0.2026 -0.7017
vn 0.6603 -0.3256 -0.6768
vn 0.6959 0.0561 -0.7160
vn 0.6967 0.0269 -0.7169
vn 0.5397 -0.6350 -0.5526
vn 0.6969 -0.0000 -0.7171
vn 0.5397 0.6350 -0.5526
vn 0.6967 -0.0269 -0.7169
vn 0.6603 0.3256 -0.6768
vn 0.6959 -0.0561 -0.7160
vn 0.6831 0.2026 -0.7017
vn 0.6942 -0.0905 -0.7141
vn 0.6908 0.1354 -0.7103
vn 0.6908 -0.1354 -0.7103
vn 0.6942 0.0905 -0.7141
vn 0.8237 -0.0565 -0.5642
vn 0.8217 -0.0912 -0.5626
vn 0.8175 0.1364 -0.5595
vn 0.8175 -0.1364 -0.5595
vn 0.8217 0.0912 -0.5626
vn 0.8081 -0.2040 -0.5526
vn 0.8237 0.0565 -0.5642
vn 0.7805 -0.3271 -0.5327
vn 0.8247 0.0272 -0.5649
vn 0.6410 -0.6299 -0.4385
vn 0.8250 -0.0000 -0.5651
vn 0.6410 0.6299 -0.4385
vn 0.8247 -0.0272 -0.5649
vn 0.7805 0.3271 -0.5327
vn 0.8081 0.2040 -0.5526
vn 0.8708 -0.3276 -0.3667
vn 0.7215 -0.6213 -0.3057
vn 0.9209 0.0273 -0.3889
vn 0.9212 -0.0000 -0.3891
vn 0.7215 0.6213 -0.3057
vn 0.9209 -0.0273 -0.3889
vn 0.8708 0.3276 -0.3667
vn 0.9197 -0.0569 -0.3884
vn 0.9019 0.2049 -0.3803
vn 0.9174 -0.0917 -0.3873
vn 0.9126 0.1372 -0.3851
vn 0.9126 -0.1372 -0.3851
vn 0.9174 0.0917 -0.3873
vn 0.9019 -0.2049 -0.3803
vn 0.9197 0.0569 -0.3884
vn 0.9710 0.1376 -0.1956
vn 0.9710 -0.1376 -0.1956
vn 0.9761 0.0920 -0.1967
vn 0.9595 -0.2052 -0.1932
vn 0.9787 0.0571 -0.1972
vn 0.9265 -0.3269 -0.1864
vn 0.9799 0.0274 -0.1975
vn 0.7755 -0.6113 -0.1577
vn 0.9803 -0.0000 -0.1976
vn 0.7755 0.6113 -0.1577
vn 0.9799 -0.0274 -0.1975
vn 0.9265 0.3269 -0.1864
vn 0.9787 -0.0571 -0.1972
vn 0.9595 0.2052 -0.1932
vn 0.9761 -0.0920 -0.1967
vn 0.9996 0.0275 -0.0000
vn 0.7951 0.6064 -0.0000
vn 0.7951 -0.6064 -0.0000
vn 0.9996 -0.0275 -0.0000
vn 0.9453 0.3263 -0.0000
vn 0.9984 -0.0571 -0.0000
vn 0.9787 0.2052 -0.0000
vn 0.9957 -0.0921 -0.0000
vn 0.9905 0.1377 -0.0000
vn 0.9905 -0.1377 -0.0000
vn 0.9957 0.0921 -0.0000
vn 0.9787 -0.2052 -0.0000
vn 0.9984 0.0571 -0.0000
vn 0.9453 -0.3263 -0.0000
vn 0.9710 -0.1376 0.1956
vn 0.9710 0.1376 0.1956
vn 0.9761 0.0920 0.1967
vn 0.9595 -0.2052 0.1932
vn 0.9787 0.0571 0.1972
vn 0.9265 -0.3269 0.1864
vn 0.9799 0.0274 0.1975
vn 0.7755 -0.6113 0.1577
vn 0.9803 -0.0000 0.1976
vn 0.7755 0.6113 0.1577
vn 0.9799 -0.0274 0.1975
vn 0.9265 0.3269 0.1864
vn 0.9787 -0.0571 0.1972
vn 0.9595 0.2052 0.1932
vn 0.9761 -0.0920 0.1967
vn 0.7215 0.6213 0.3057
vn 0.7215 -0.6213 0.3057
vn 0.9209 -0.0273 0.3889
vn 0.8708 0.3276 0.3667
vn 0.9197 -0.0569 0.3884
vn 0.9019 0.2049 0.3803
vn 0.9174 -0.0917 0.3873
vn 0.9126 0.1372 0.3851
vn 0.9126 -0.1372 0.3851
vn 0.9174 0.0917 0.3873
vn 0.9019 -0.2049 0.3803
vn 0.9197 0.0569 0.3884
vn 0.8708 -0.3276 0.3667
vn 0.9209 0.0273 0.3889
vn 0.9212 -0.0000 0.3891
vn 0.8175 0.1364 0.5595
vn 0.8217 0.0912 0.5626
vn 0.8175 -0.1364 0.5595
vn 0.8081 -0.2040 0.5526
vn 0.8237 0.0565 0.5642
vn 0.7805 -0.3271 0.5327
vn 0.8247 0.0272 0.5649
vn 0.6410 -0.6299 0.4384
vn 0.8250 -0.0000 0.5651
vn 0.6410 0.6299 0.4385
vn 0.8247 -0.0272 0.5649
vn 0.7805 0.3271 0.5327
vn 0.8237 -0.0565 0.5642
vn 0.8081 0.2040 0.5526
vn 0.8217 -0.0912 0.5626
vn 0.6967 -0.0269 0.7169
vn 0.6603 0.3256 0.6768
vn 0.6959 -0.0561 0.7160
vn 0.6831 0.2026 0.7017
vn 0.6942 -0.0905 0.7141
vn 0.6908 0.1354 0.7103
vn 0.6908 -0.1354 0.7103
vn 0.6942 0.0905 0.7141
vn 0.6831 -0.2026 0.7017
vn 0.6959 0.0561 0.7160
vn 0.6603 -0.3256 0.6768
vn 0.6967 0.0269 0.7169
vn 0.5397 -0.6350 0.5526
vn 0.6969 -0.0000 0.7171
vn 0.5397 0.6350 0.5526
vn 0.5391 -0.1344 0.8315
vn 0.5332 -0.2011 0.8217
vn 0.5429 0.0557 0.8379
vn 0.5159 -0.3237 0.7932
vn 0.5435 0.0267 0.8390
vn 0.4212 -0.6372 0.6454
vn 0.5437 -0.0000 0.8393
vn 0.4212 0.6372 0.6454
vn 0.5435 -0.0267 0.8390
vn 0.5159 0.3237 0.7932
vn 0.5429 -0.0557 0.8379
vn 0.5332 0.2011 0.8217
vn 0.5417 -0.0898 0.8358
vn 0.5391 0.1344 0.8315
vn 0.5417 0.0898 0.8358
vn 0.3717 -0.0553 0.9267
vn 0.3652 0.1999 0.9092
vn 0.3709 -0.0892 0.9244
vn 0.3691 0.1335 0.9197
vn 0.3691 -0.1335 0.9197
vn 0.3709 0.0892 0.9244
vn 0.3652 -0.1999 0.9092
vn 0.3717 0.0553 0.9267
vn 0.3536 -0.3219 0.8783
vn 0.3721 0.0266 0.9278
vn 0.2890 -0.6377 0.7140
vn 0.3722 -0.0000 0.9281
vn 0.2890 0.6377 0.7140
vn 0.3721 -0.0266 0.9278
vn 0.3536 0.3219 0.8783
vn 0.1855 -0.1990 0.9623
vn 0.1797 -0.3206 0.9300
vn 0.1887 0.0551 0.9805
vn 0.1889 0.0264 0.9816
vn 0.1471 -0.6375 0.7562
vn 0.1890 -0.0000 0.9820
vn 0.1471 0.6375 0.7562
vn 0.1889 -0.0264 0.9816
vn 0.1797 0.3206 0.9300
vn 0.1887 -0.0551 0.9805
vn 0.1855 0.1990 0.9623
vn 0.1883 -0.0888 0.9781
vn 0.1874 0.1330 0.9732
vn 0.1874 -0.1330 0.9732
vn 0.1883 0.0888 0.9781
vn -0.0000 0.1987 0.9801
vn -0.0000 -0.0550 0.9985
vn -0.0000 -0.0887 0.9961
vn -0.0000 0.1328 0.9911
vn -0.0000 -0.1328 0.9911
vn -0.0000 0.0887 0.9961
vn -0.0000 -0.1987 0.9801
vn -0.0000 0.0550 0.9985
vn -0.0000 -0.3202 0.9474
vn -0.0000 0.0264 0.9997
vn -0.0000 -0.6374 0.7705
vn -0.0000 0.6374 0.7705
vn -0.0000 -0.0264 0.9997
vn -0.0000 0.3202 0.9474
vn -0.1887 0.0551 0.9805
vn -0.1889 0.0264 0.9816
vn -0.1471 -0.6375 0.7562
vn -0.1890 -0.0000 0.9820
vn -0.1471 0.6375 0.7562
vn -0.1889 -0.0264 0.9816
vn -0.1797 0.3206 0.9300
vn -0.1887 -0.0551 0.9805
vn -0.1855 0.1990 0.9623
vn -0.1883 -0.0888 0.9781
vn -0.1874 0.1330 0.9732
vn -0.1874 -0.1330 0.9732
vn -0.1883 0.0888 0.9781
vn -0.1855 -0.1990 0.9623
vn -0.1797 -0.3206 0.9300
vn -0.3717 -0.0553 0.9267
vn -0.3709 -0.0892 0.9244
vn -0.3691 0.1335 0.9197
vn -0.3691 -0.1335 0.9197
vn -0.3709 0.0892 0.9244
vn -0.3652 -0.1999 0.9092
vn -0.3717 0.0553 0.9267
vn -0.3536 -0.3219 0.8783
vn -0.3721 0.0266 0.9278
vn -0.2890 -0.6377 0.7140
vn -0.3722 -0.0000 0.9281
vn -0.2890 0.6377 0.7140
vn -0.3721 -0.0266 0.9278
vn -0.3536 0.3219 0.8783
vn -0.3652 0.1999 0.9092
vn -0.5159 -0.3237 0.7932
vn -0.4212 -0.6372 0.6454
vn -0.5435 0.0267 0.8390
vn -0.5437 -0.0000 0.8393
vn -0.4212 0.6372 0.6454
vn -0.5435 -0.0267 0.8390
vn -0.5159 0.3237 0.7932
vn -0.5429 -0.0557 0.8379
vn -0.5332 0.2011 0.8217
vn -0.5417 -0.0898 0.8358
vn -0.5391 0.1344 0.8315
vn -0.5391 -0.1344 0.8315
vn -0.5417 0.0898 0.8358
vn -0.5332 -0.2011 0.8217
vn -0.5429 0.0557 0.8379
vn -0.6908 0.1354 0.7103
vn -0.6908 -0.1354 0.7103
vn -0.6942 0.0905 0.7141
vn -0.6831 -0.2026 0.7017
vn -0.6959 0.0561 0.7160
vn -0.6603 -0.3256 0.6768
vn -0.6967 0.0269 0.7169
vn -0.5397 -0.6350 0.5526
vn -0.6969 -0.0000 0.7171
vn -0.5397 0.6350 0.5526
vn -0.6967 -0.0269 0.7169
vn -0.6603 0.3256 0.6768
vn -0.6959 -0.0561 0.7160
vn -0.6831 0.2026 0.7017
vn -0.6942 -0.0905 0.7141
vn -0.8247 0.0272 0.5649
vn -0.8250 -0.0000 0.5651
vn -0.6410 0.6299 0.4385
vn -0.6410 -0.6299 0.4385
vn -0.8247 -0.0272 0.5649
vn -0.7805 0.3271 0.5327
vn -0.8237 -0.0565 0.5642
vn -0.8081 0.2040 0.5526
vn -0.8217 -0.0912 0.5626
vn -0.8175 0.1364 0.5595
vn -0.8175 -0.1364 0.5595
vn -0.8217 0.0912 0.5626
vn -0.8081 -0.2040 0.5526
vn -0.8237 0.0565 0.5642
vn -0.7805 -0.3271 0.5327
vn -0.9126 -0.1372 0.3851
vn -0.9126 0.1372 0.3851
vn -0.9174 0.0917 0.3873
vn -0.9019 -0.2049 0.3803
vn -0.9197 0.0569 0.3884
vn -0.8708 -0.3276 0.3667
vn -0.9209 0.0273 0.3889
vn -0.7215 -0.6213 0.3057
vn -0.9212 -0.0000 0.3891
vn -0.7215 0.6213 0.3057
vn -0.9209 -0.0273 0.3889
vn -0.8708 0.3276 0.3666
vn -0.9197 -0.0569 0.3884
vn -0.9019 0.2049 0.3803
vn -0.9174 -0.0917 0.3873
vn -0.7755 -0.6113 0.1577
vn -0.9799 -0.0274 0.1975
vn -0.9265 0.3269 0.1864
vn -0.9787 -0.0571 0.1972
vn -0.9595 0.2052 0.1932
vn -0.9761 -0.0920 0.1967
vn -0.9710 0.1376 0.1956
vn -0.9710 -0.1376 0.1956
vn -0.9761 0.0920 0.1967
vn -0.9595 -0.2052 0.1932
vn -0.9787 0.0571 0.1972
vn -0.9265 -0.3269 0.1864
vn -0.9799 0.0274 0.1975
vn -0.9803 -0.0000 0.1976
vn -0.7755 0.6113 0.1577
vn -0.9905 -0.1377 -0.0000
vn -0.9787 -0.2052 -0.0000
vn -0.9984 0.0571 -0.0000
vn -0.9453 -0.3263 -0.0000
vn -0.9996 0.0275 -0.0000
vn -0.7951 -0.6064 -0.0000
vn -0.7951 0.6064 -0.0000
vn -0.9996 -0.0275 -0.0000
vn -0.9453 0.3263 -0.0000
vn -0.9984 -0.0571 -0.0000
vn -0.9787 0.2052 -0.0000
vn -0.9957 -0.0921 -0.0000
vn -0.9905 0.1377 -0.0000
vn -0.9957 0.0921 -0.0000
vn -0.9265 0.3269 -0.1864
vn -0.9787 -0.0571 -0.1972
vn -0.9595 0.2052 -0.1932
vn -0.9761 -0.0920 -0.1967
vn -0.9710 0.1376 -0.1956
vn -0.9710 -0.1376 -0.1956
vn -0.9761 0.0920 -0.1967
vn -0.9595 -0.2052 -0.1932
vn -0.9787 0.0571 -0.1972
vn -0.9265 -0.3269 -0.1864
vn -0.9799 0.0274 -0.1975
vn -0.7755 -0.6113 -0.1577
vn -0.9803 -0.0000 -0.1976
vn -0.7755 0.6113 -0.1577
vn -0.9799 -0.0274 -0.1975
vn -0.9197 0.0569 -0.3884
vn -0.8708 -0.3276 -0.3667
vn -0.9209 0.0273 -0.3889
vn -0.7215 -0.6213 -0.3057
vn -0.9212 -0.0000 -0.3891
vn -0.7215 0.6213 -0.3057
vn -0.9209 -0.0273 -0.3889
vn -0.8708 0.3276 -0.3666
vn -0.9197 -0.0569 -0.3884
vn -0.9019 0.2049 -0.3803
vn -0.9174 -0.0917 -0.3873
vn -0.9126 0.1372 -0.3851
vn -0.9126 -0.1372 -0.3851
vn -0.9174 0.0917 -0.3873
vn -0.9019 -0.2049 -0.3803
vn -0.8237 -0.0565 -0.5642
vn -0.8081 0.2040 -0.5526
vn -0.8217 -0.0912 -0.5626
vn -0.8175 0.1364 -0.5595
vn -0.8175 -0.1364 -0.5595
vn -0.8217 0.0912 -0.5626
vn -0.8081 -0.2040 -0.5526
vn -0.8237 0.0565 -0.5642
vn -0.7805 -0.3271 -0.5327
vn -0.8247 0.0272 -0.5649
vn -0.6410 -0.6299 -0.4385
vn -0.8250 -0.0000 -0.5651
vn -0.6410 0.6299 -0.4385
vn -0.8247 -0.0272 -0.5649
vn -0.7805 0.3271 -0.5327
vn -0.6603 -0.3256 -0.6768
vn -0.6959 0.0561 -0.7160
vn -0.6967 0.0269 -0.7169
vn -0.5397 -0.6350 -0.5526
vn -0.6969 -0.0000 -0.7171
vn -0.5397 0.6350 -0.5526
vn -0.6967 -0.0269 -0.7169
vn -0.6603 0.3256 -0.6768
vn -0.6959 -0.0561 -0.7160
vn -0.6831 0.2026 -0.7017
vn -0.6942 -0.0905 -0.7141
vn -0.6908 0.1354 -0.7103
vn -0.6908 -0.1354 -0.7103
vn -0.6942 0.0905 -0.7141
vn -0.6831 -0.2026 -0.7017
vn -0.5159 0.3237 -0.7932
vn -0.5332 0.2011 -0.8217
vn -0.5429 -0.0557 -0.8379
vn -0.5417 -0.0898 -0.8358
vn -0.5391 0.1344 -0.8315
vn -0.5391 -0.1344 -0.8315
vn -0.5417 0.0898 -0.8358
vn -0.5332 -0.2011 -0.8217
vn -0.5429 0.0557 -0.8379
vn -0.5159 -0.3237 -0.7932
vn -0.5435 0.0267 -0.8390
vn -0.4212 -0.6372 -0.6454
vn -0.5437 -0.0000 -0.8393
vn -0.4212 0.6372 -0.6454
vn -0.5435 -0.0267 -0.8390
vn -0.3717 0.0553 -0.9267
vn -0.3721 0.0266 -0.9278
vn -0.2890 -0.6377 -0.7140
vn -0.3722 -0.0000 -0.9281
vn -0.2890 0.6377 -0.7140
vn -0.3721 -0.0266 -0.9278
vn -0.3536 0.3219 -0.8783
vn -0.3717 -0.0553 -0.9267
vn -0.3652 0.1999 -0.9092
vn -0.3709 -0.0892 -0.9244
vn -0.3691 0.1335 -0.9197
vn -0.3691 -0.1335 -0.9197
vn -0.3709 0.0892 -0.9244
vn -0.3652 -0.1999 -0.9092
vn -0.3536 -0.3219 -0.8783
vn -0.1887 -0.0551 -0.9805
vn -0.1883 -0.0888 -0.9781
vn -0.1874 0.1330 -0.9732
vn -0.1874 -0.1330 -0.9732
vn -0.1883 0.0888 -0.9781
vn -0.1855 -0.1990 -0.9623
vn -0.1887 0.0551 -0.9805
vn -0.1797 -0.3206 -0.9300
vn -0.1889 0.0264 -0.9816
vn -0.1471 -0.6375 -0.7562
vn -0.1890 -0.0000 -0.9820
vn -0.1471 0.6375 -0.7562
vn -0.1889 -0.0264 -0.9816
vn -0.1797 0.3206 -0.9300
vn -0.1855 0.1990 -0.9623
vt 0.750000 0.125000
vt 0.718750 0.062500
vt 0.750000 0.062500
vt 0.750000 0.562500
vt 0.718750 0.500000
vt 0.750000 0.500000
vt 0.750000 0.937500
vt 0.734375 1.000000
vt 0.718750 0.937500
vt 0.734375 0.000000
vt 0.750000 0.437500
vt 0.718750 0.437500
vt 0.750000 0.875000
vt 0.718750 0.875000
vt 0.718750 0.375000
vt 0.750000 0.375000
vt 0.750000 0.812500
vt 0.718750 0.812500
vt 0.718750 0.312500
vt 0.750000 0.312500
vt 0.750000 0.750000
vt 0.718750 0.750000
vt 0.718750 0.250000
vt 0.750000 0.250000
vt 0.750000 0.687500
vt 0.718750 0.687500
vt 0.718750 0.187500
vt 0.750000 0.187500
vt 0.750000 0.625000
vt 0.718750 0.625000
vt 0.718750 0.125000
vt 0.718750 0.562500
vt 0.687500 0.625000
vt 0.687500 0.187500
vt 0.687500 0.125000
vt 0.687500 0.562500
vt 0.687500 0.062500
vt 0.687500 0.500000
vt 0.703125 1.000000
vt 0.687500 0.937500
vt 0.703125 0.000000
vt 0.687500 0.437500
vt 0.687500 0.875000
vt 0.687500 0.375000
vt 0.687500 0.812500
vt 0.687500 0.312500
vt 0.687500 0.750000
vt 0.687500 0.250000
vt 0.687500 0.687500
vt 0.656250 0.375000
vt 0.656250 0.812500
vt 0.656250 0.312500
vt 0.656250 0.750000
vt 0.656250 0.250000
vt 0.656250 0.687500
vt 0.656250 0.187500
vt 0.656250 0.625000
vt 0.656250 0.125000
vt 0.656250 0.562500
vt 0.656250 0.062500
vt 0.656250 0.500000
vt 0.671875 1.000000
vt 0.656250 0.937500
vt 0.671875 0.000000
vt 0.656250 0.437500
vt 0.656250 0.875000
vt 0.625000 0.187500
vt 0.625000 0.125000
vt 0.625000 0.625000
vt 0.625000 0.562500
vt 0.625000 0.062500
vt 0.625000 0.500000
vt 0.640625 1.000000
vt 0.625000 0.937500
vt 0.640625 0.000000
vt 0.625000 0.437500
vt 0.625000 0.875000
vt 0.625000 0.375000
vt 0.625000 0.812500
vt 0.625000 0.312500
vt 0.625000 0.750000
vt 0.625000 0.250000
vt 0.625000 0.687500
vt 0.593750 0.375000
vt 0.593750 0.312500
vt 0.593750 0.750000
vt 0.593750 0.250000
vt 0.593750 0.687500
vt 0.593750 0.187500
vt 0.593750 0.625000
vt 0.593750 0.125000
vt 0.593750 0.562500
vt 0.593750 0.062500
vt 0.593750 0.500000
vt 0.609375 1.000000
vt 0.593750 0.937500
vt 0.609375 0.000000
vt 0.593750 0.437500
vt 0.593750 0.875000
vt 0.593750 0.812500
vt 0.562500 0.125000
vt 0.562500 0.062500
vt 0.562500 0.562500
vt 0.562500 0.500000
vt 0.578125 1.000000
vt 0.562500 0.937500
vt 0.578125 0.000000
vt 0.562500 0.437500
vt 0.562500 0.875000
vt 0.562500 0.375000
vt 0.562500 0.812500
vt 0.562500 0.312500
vt 0.562500 0.750000
vt 0.562500 0.250000
vt 0.562500 0.687500
vt 0.562500 0.187500
vt 0.562500 0.625000
vt 0.531250 0.750000
vt 0.531250 0.250000
vt 0.531250 0.687500
vt 0.531250 0.187500
vt 0.531250 0.625000
vt 0.531250 0.125000
vt 0.531250 0.562500
vt 0.531250 0.062500
vt 0.531250 0.500000
vt 0.546875 1.000000
vt 0.531250 0.937500
vt 0.546875 0.000000
vt 0.531250 0.437500
vt 0.531250 0.875000
vt 0.531250 0.375000
vt 0.531250 0.812500
vt 0.531250 0.312500
vt 0.500000 0.562500
vt 0.500000 0.500000
vt 0.515625 1.000000
vt 0.500000 0.937500
vt 0.515625 0.000000
vt 0.500000 0.062500
vt 0.500000 0.437500
vt 0.500000 0.875000
vt 0.500000 0.375000
vt 0.500000 0.812500
vt 0.500000 0.312500
vt 0.500000 0.750000
vt 0.500000 0.250000
vt 0.500000 0.687500
vt 0.500000 0.187500
vt 0.500000 0.625000
vt 0.500000 0.125000
vt 0.468750 0.250000
vt 0.468750 0.750000
vt 0.468750 0.687500
vt 0.468750 0.187500
vt 0.468750 0.625000
vt 0.468750 0.125000
vt 0.468750 0.562500
vt 0.468750 0.062500
vt 0.468750 0.500000
vt 0.484375 1.000000
vt 0.468750 0.937500
vt 0.484375 0.000000
vt 0.468750 0.437500
vt 0.468750 0.875000
vt 0.468750 0.375000
vt 0.468750 0.812500
vt 0.468750 0.312500
vt 0.453125 1.000000
vt 0.437500 0.937500
vt 0.453125 0.000000
vt 0.437500 0.062500
vt 0.437500 0.437500
vt 0.437500 0.875000
vt 0.437500 0.375000
vt 0.437500 0.812500
vt 0.437500 0.312500
vt 0.437500 0.750000
vt 0.437500 0.250000
vt 0.437500 0.687500
vt 0.437500 0.187500
vt 0.437500 0.625000
vt 0.437500 0.125000
vt 0.437500 0.562500
vt 0.437500 0.500000
vt 0.406250 0.750000
vt 0.406250 0.687500
vt 0.406250 0.250000
vt 0.406250 0.187500
vt 0.406250 0.625000
vt 0.406250 0.125000
vt 0.406250 0.562500
vt 0.406250 0.062500
vt 0.406250 0.500000
vt 0.421875 1.000000
vt 0.406250 0.937500
vt 0.421875 0.000000
vt 0.406250 0.437500
vt 0.406250 0.875000
vt 0.406250 0.375000
vt 0.406250 0.812500
vt 0.406250 0.312500
vt 0.375000 0.437500
vt 0.375000 0.875000
vt 0.375000 0.375000
vt 0.375000 0.812500
vt 0.375000 0.312500
vt 0.375000 0.750000
vt 0.375000 0.250000
vt 0.375000 0.687500
vt 0.375000 0.187500
vt 0.375000 0.625000
vt 0.375000 0.125000
vt 0.375000 0.562500
vt 0.375000 0.062500
vt 0.375000 0.500000
vt 0.390625 1.000000
vt 0.375000 0.937500
vt 0.390625 0.000000
vt 0.343750 0.250000
vt 0.343750 0.187500
vt 0.343750 0.625000
vt 0.343750 0.125000
vt 0.343750 0.562500
vt 0.343750 0.062500
vt 0.343750 0.500000
vt 0.359375 1.000000
vt 0.343750 0.937500
vt 0.359375 0.000000
vt 0.343750 0.437500
vt 0.343750 0.875000
vt 0.343750 0.375000
vt 0.343750 0.812500
vt 0.343750 0.312500
vt 0.343750 0.750000
vt 0.343750 0.687500
vt 0.312500 0.375000
vt 0.312500 0.812500
vt 0.312500 0.312500
vt 0.312500 0.750000
vt 0.312500 0.250000
vt 0.312500 0.687500
vt 0.312500 0.187500
vt 0.312500 0.625000
vt 0.312500 0.125000
vt 0.312500 0.562500
vt 0.312500 0.062500
vt 0.312500 0.500000
vt 0.328125 1.000000
vt 0.312500 0.937500
vt 0.328125 0.000000
vt 0.312500 0.437500
vt 0.312500 0.875000
vt 0.281250 0.187500
vt 0.281250 0.125000
vt 0.281250 0.625000
vt 0.281250 0.562500
vt 0.281250 0.062500
vt 0.281250 0.500000
vt 0.296875 1.000000
vt 0.281250 0.937500
vt 0.296875 0.000000
vt 0.281250 0.437500
vt 0.281250 0.875000
vt 0.281250 0.375000
vt 0.281250 0.812500
vt 0.281250 0.312500
vt 0.281250 0.750000
vt 0.281250 0.250000
vt 0.281250 0.687500
vt 0.250000 0.812500
vt 0.250000 0.375000
vt 0.250000 0.312500
vt 0.250000 0.750000
vt 0.250000 0.250000
vt 0.250000 0.687500
vt 0.250000 0.187500
vt 0.250000 0.625000
vt 0.250000 0.125000
vt 0.250000 0.562500
vt 0.250000 0.062500
vt 0.250000 0.500000
vt 0.265625 1.000000
vt 0.250000 0.937500
vt 0.265625 0.000000
vt 0.250000 0.437500
vt 0.250000 0.875000
vt 0.218750 0.625000
vt 0.218750 0.562500
vt 0.218750 0.062500
vt 0.218750 0.500000
vt 0.234375 1.000000
vt 0.218750 0.937500
vt 0.234375 0.000000
vt 0.218750 0.437500
vt 0.218750 0.875000
vt 0.218750 0.375000
vt 0.218750 0.812500
vt 0.218750 0.312500
vt 0.218750 0.750000
vt 0.218750 0.250000
vt 0.218750 0.687500
vt 0.218750 0.187500
vt 0.218750 0.125000
vt 0.187500 0.375000
vt 0.187500 0.312500
vt 0.187500 0.750000
vt 0.187500 0.250000
vt 0.187500 0.687500
vt 0.187500 0.187500
vt 0.187500 0.625000
vt 0.187500 0.125000
vt 0.187500 0.562500
vt 0.187500 0.062500
vt 0.187500 0.500000
vt 0.203125 1.000000
vt 0.187500 0.937500
vt 0.203125 0.000000
vt 0.187500 0.437500
vt 0.187500 0.875000
vt 0.187500 0.812500
vt 0.156250 0.125000
vt 0.156250 0.062500
vt 0.156250 0.562500
vt 0.156250 0.500000
vt 0.171875 1.000000
vt 0.156250 0.937500
vt 0.171875 0.000000
vt 0.156250 0.437500
vt 0.156250 0.875000
vt 0.156250 0.375000
vt 0.156250 0.812500
vt 0.156250 0.312500
vt 0.156250 0.750000
vt 0.156250 0.250000
vt 0.156250 0.687500
vt 0.156250 0.187500
vt 0.156250 0.625000
vt 0.125000 0.750000
vt 0.125000 0.250000
vt 0.125000 0.687500
vt 0.125000 0.187500
vt 0.125000 0.625000
vt 0.125000 0.125000
vt 0.125000 0.562500
vt 0.125000 0.062500
vt 0.125000 0.500000
vt 0.140625 1.000000
vt 0.125000 0.937500
vt 0.140625 0.000000
vt 0.125000 0.437500
vt 0.125000 0.875000
vt 0.125000 0.375000
vt 0.125000 0.812500
vt 0.125000 0.312500
vt 0.093750 0.562500
vt 0.093750 0.500000
vt 0.109375 1.000000
vt 0.093750 0.937500
vt 0.109375 0.000000
vt 0.093750 0.062500
vt 0.093750 0.437500
vt 0.093750 0.875000
vt 0.093750 0.375000
vt 0.093750 0.812500
vt 0.093750 0.312500
vt 0.093750 0.750000
vt 0.093750 0.250000
vt 0.093750 0.687500
vt 0.093750 0.187500
vt 0.093750 0.625000
vt 0.093750 0.125000
vt 0.062500 0.250000
vt 0.062500 0.750000
vt 0.062500 0.687500
vt 0.062500 0.187500
vt 0.062500 0.625000
vt 0.062500 0.125000
vt 0.062500 0.562500
vt 0.062500 0.062500
vt 0.062500 0.500000
vt 0.078125 1.000000
vt 0.062500 0.937500
vt 0.078125 0.000000
vt 0.062500 0.437500
vt 0.062500 0.875000
vt 0.062500 0.375000
vt 0.062500 0.812500
vt 0.062500 0.312500
vt 0.046875 0.000000
vt 0.031250 0.062500
vt 0.031250 0.437500
vt 0.031250 0.875000
vt 0.031250 0.375000
vt 0.031250 0.812500
vt 0.031250 0.312500
vt 0.031250 0.750000
vt 0.031250 0.250000
vt 0.031250 0.687500
vt 0.031250 0.187500
vt 0.031250 0.625000
vt 0.031250 0.125000
vt 0.031250 0.562500
vt 0.031250 0.500000
vt 0.046875 1.000000
vt 0.031250 0.937500
vt 0.000000 0.250000
vt 0.000000 0.187500
vt 0.000000 0.625000
vt 0.000000 0.125000
vt 0.000000 0.562500
vt 0.000000 0.062500
vt 0.000000 0.500000
vt 0.015625 1.000000
vt 0.000000 0.937500
vt 0.015625 0.000000
vt 0.000000 0.437500
vt 0.000000 0.875000
vt 0.000000 0.375000
vt 0.000000 0.812500
vt 0.000000 0.312500
vt 0.000000 0.750000
vt 0.000000 0.687500
vt 1.000000 0.937500
vt 0.968750 0.875000
vt 1.000000 0.875000
vt 1.000000 0.437500
vt 0.968750 0.375000
vt 1.000000 0.375000
vt 1.000000 0.812500
vt 0.968750 0.812500
vt 1.000000 0.312500
vt 0.968750 0.312500
vt 0.968750 0.750000
vt 1.000000 0.750000
vt 0.968750 0.250000
vt 1.000000 0.250000
vt 1.000000 0.687500
vt 0.968750 0.687500
vt 1.000000 0.187500
vt 0.968750 0.187500
vt 0.968750 0.625000
vt 1.000000 0.625000
vt 0.968750 0.125000
vt 1.000000 0.125000
vt 1.000000 0.562500
vt 0.968750 0.562500
vt 1.000000 0.062500
vt 0.968750 0.062500
vt 1.000000 0.500000
vt 0.968750 0.500000
vt 0.984375 1.000000
vt 0.968750 0.937500
vt 0.984375 0.000000
vt 0.968750 0.437500
vt 0.937500 0.625000
vt 0.937500 0.125000
vt 0.937500 0.562500
vt 0.937500 0.062500
vt 0.937500 0.500000
vt 0.953125 1.000000
vt 0.937500 0.937500
vt 0.953125 0.000000
vt 0.937500 0.437500
vt 0.937500 0.875000
vt 0.937500 0.375000
vt 0.937500 0.812500
vt 0.937500 0.312500
vt 0.937500 0.750000
vt 0.937500 0.250000
vt 0.937500 0.687500
vt 0.937500 0.187500
vt 0.906250 0.375000
vt 0.906250 0.812500
vt 0.906250 0.312500
vt 0.906250 0.750000
vt 0.906250 0.250000
vt 0.906250 0.687500
vt 0.906250 0.187500
vt 0.906250 0.625000
vt 0.906250 0.125000
vt 0.906250 0.562500
vt 0.906250 0.062500
vt 0.906250 0.500000
vt 0.921875 1.000000
vt 0.906250 0.937500
vt 0.921875 0.000000
vt 0.906250 0.437500
vt 0.906250 0.875000
vt 0.875000 0.125000
vt 0.875000 0.625000
vt 0.875000 0.562500
vt 0.875000 0.062500
vt 0.875000 0.500000
vt 0.890625 1.000000
vt 0.875000 0.937500
vt 0.890625 0.000000
vt 0.875000 0.437500
vt 0.875000 0.875000
vt 0.875000 0.375000
vt 0.875000 0.812500
vt 0.875000 0.312500
vt 0.875000 0.750000
vt 0.875000 0.250000
vt 0.875000 0.687500
vt 0.875000 0.187500
vt 0.843750 0.875000
vt 0.843750 0.812500
vt 0.843750 0.375000
vt 0.843750 0.312500
vt 0.843750 0.750000
vt 0.843750 0.250000
vt 0.843750 0.687500
vt 0.843750 0.187500
vt 0.843750 0.625000
vt 0.843750 0.125000
vt 0.843750 0.562500
vt 0.843750 0.062500
vt 0.843750 0.500000
vt 0.859375 1.000000
vt 0.843750 0.937500
vt 0.859375 0.000000
vt 0.843750 0.437500
vt 0.812500 0.625000
vt 0.812500 0.562500
vt 0.812500 0.062500
vt 0.812500 0.500000
vt 0.828125 1.000000
vt 0.812500 0.937500
vt 0.828125 0.000000
vt 0.812500 0.437500
vt 0.812500 0.875000
vt 0.812500 0.375000
vt 0.812500 0.812500
vt 0.812500 0.312500
vt 0.812500 0.750000
vt 0.812500 0.250000
vt 0.812500 0.687500
vt 0.812500 0.187500
vt 0.812500 0.125000
vt 0.781250 0.375000
vt 0.781250 0.312500
vt 0.781250 0.750000
vt 0.781250 0.250000
vt 0.781250 0.687500
vt 0.781250 0.187500
vt 0.781250 0.625000
vt 0.781250 0.125000
vt 0.781250 0.562500
vt 0.781250 0.062500
vt 0.781250 0.500000
vt 0.796875 1.000000
vt 0.781250 0.937500
vt 0.796875 0.000000
vt 0.781250 0.437500
vt 0.781250 0.875000
vt 0.781250 0.812500
vt 0.765625 1.000000
vt 0.765625 0.000000
s 1
usemtl マテリアル.001
f 481/1/1 21/2/2 482/3/3
f 3/4/4 14/5/5 4/6/6
f 474/7/7 82/8/8 7/9/9
f 308/10/10 482/3/3 21/2/2
f 5/11/11 14/5/5 15/12/12
f 475/13/13 7/9/9 8/14/14
f 5/11/11 16/15/15 478/16/16
f 1/17/17 8/14/14 9/18/18
f 478/16/16 17/19/19 6/20/20
f 476/21/21 9/18/18 10/22/22
f 6/20/20 18/23/23 479/24/24
f 2/25/25 10/22/22 11/26/26
f 479/24/24 19/27/27 480/28/28
f 477/29/29 11/26/26 12/30/30
f 480/28/28 20/31/31 481/1/1
f 3/4/4 12/30/30 13/32/32
f 11/26/26 27/33/33 12/30/30
f 20/31/31 34/34/34 35/35/35
f 13/32/32 27/33/33 28/36/36
f 21/2/2 35/35/35 36/37/37
f 14/5/5 28/36/36 29/38/38
f 7/9/9 82/39/8 22/40/39
f 308/41/10 21/2/2 36/37/37
f 14/5/5 30/42/40 15/12/12
f 7/9/9 23/43/41 8/14/14
f 15/12/12 31/44/42 16/15/15
f 8/14/14 24/45/43 9/18/18
f 17/19/19 31/44/42 32/46/44
f 9/18/18 25/47/45 10/22/22
f 18/23/23 32/46/44 33/48/46
f 10/22/22 26/49/47 11/26/26
f 19/27/27 33/48/46 34/34/34
f 30/42/40 46/50/48 31/44/42
f 23/43/41 39/51/49 24/45/43
f 32/46/44 46/50/48 47/52/50
f 24/45/43 40/53/51 25/47/45
f 32/46/44 48/54/52 33/48/46
f 26/49/47 40/53/51 41/55/53
f 34/34/34 48/54/52 49/56/54
f 26/49/47 42/57/55 27/33/33
f 35/35/35 49/56/54 50/58/56
f 28/36/36 42/57/55 43/59/57
f 36/37/37 50/58/56 51/60/58
f 29/38/38 43/59/57 44/61/59
f 22/40/39 82/62/8 37/63/60
f 308/64/10 36/37/37 51/60/58
f 29/38/38 45/65/61 30/42/40
f 22/40/39 38/66/62 23/43/41
f 50/58/56 64/67/63 65/68/64
f 43/59/57 57/69/65 58/70/66
f 51/60/58 65/68/64 66/71/67
f 44/61/59 58/70/66 59/72/68
f 37/63/60 82/73/8 52/74/69
f 308/75/10 51/60/58 66/71/67
f 44/61/59 60/76/70 45/65/61
f 37/63/60 53/77/71 38/66/62
f 45/65/61 61/78/72 46/50/48
f 38/66/62 54/79/73 39/51/49
f 47/52/50 61/78/72 62/80/74
f 39/51/49 55/81/75 40/53/51
f 48/54/52 62/80/74 63/82/76
f 40/53/51 56/83/77 41/55/53
f 49/56/54 63/82/76 64/67/63
f 41/55/53 57/69/65 42/57/55
f 62/80/74 76/84/78 77/85/79
f 54/79/73 70/86/80 55/81/75
f 62/80/74 78/87/81 63/82/76
f 56/83/77 70/86/80 71/88/82
f 64/67/63 78/87/81 79/89/83
f 56/83/77 72/90/84 57/69/65
f 64/67/63 80/91/85 65/68/64
f 58/70/66 72/90/84 73/92/86
f 65/68/64 81/93/87 66/71/67
f 59/72/68 73/92/86 74/94/88
f 52/74/69 82/95/8 67/96/89
f 308/97/10 66/71/67 81/93/87
f 59/72/68 75/98/90 60/76/70
f 53/77/71 67/96/89 68/99/91
f 60/76/70 76/84/78 61/78/72
f 54/79/73 68/99/91 69/100/92
f 81/93/87 96/101/93 97/102/94
f 74/94/88 89/103/95 90/104/96
f 67/96/89 82/105/8 83/106/97
f 308/107/10 81/93/87 97/102/94
f 74/94/88 91/108/98 75/98/90
f 67/96/89 84/109/99 68/99/91
f 75/98/90 92/110/100 76/84/78
f 68/99/91 85/111/101 69/100/92
f 77/85/79 92/110/100 93/112/102
f 69/100/92 86/113/103 70/86/80
f 77/85/79 94/114/104 78/87/81
f 71/88/82 86/113/103 87/115/105
f 79/89/83 94/114/104 95/116/106
f 71/88/82 88/117/107 72/90/84
f 80/91/85 95/116/106 96/101/93
f 73/92/86 88/117/107 89/103/95
f 85/111/101 101/118/108 86/113/103
f 93/112/102 109/119/109 94/114/104
f 87/115/105 101/118/108 102/120/110
f 95/116/106 109/119/109 110/121/111
f 87/115/105 103/122/112 88/117/107
f 95/116/106 111/123/113 96/101/93
f 89/103/95 103/122/112 104/124/114
f 96/101/93 112/125/115 97/102/94
f 90/104/96 104/124/114 105/126/116
f 83/106/97 82/127/8 98/128/117
f 308/129/10 97/102/94 112/125/115
f 90/104/96 106/130/118 91/108/98
f 84/109/99 98/128/117 99/131/119
f 91/108/98 107/132/120 92/110/100
f 85/111/101 99/131/119 100/133/121
f 93/112/102 107/132/120 108/134/122
f 105/126/116 119/135/123 120/136/124
f 98/128/117 82/137/8 113/138/125
f 308/139/10 112/125/115 127/140/126
f 105/126/116 121/141/127 106/130/118
f 99/131/119 113/138/125 114/142/128
f 106/130/118 122/143/129 107/132/120
f 100/133/121 114/142/128 115/144/130
f 108/134/122 122/143/129 123/145/131
f 100/133/121 116/146/132 101/118/108
f 108/134/122 124/147/133 109/119/109
f 102/120/110 116/146/132 117/148/134
f 110/121/111 124/147/133 125/149/135
f 102/120/110 118/150/136 103/122/112
f 110/121/111 126/151/137 111/123/113
f 104/124/114 118/150/136 119/135/123
f 111/123/113 127/140/126 112/125/115
f 123/145/131 139/152/138 124/147/133
f 117/148/134 131/153/139 132/154/140
f 125/149/135 139/152/138 140/155/141
f 117/148/134 133/156/142 118/150/136
f 126/151/137 140/155/141 141/157/143
f 119/135/123 133/156/142 134/158/144
f 127/140/126 141/157/143 142/159/145
f 120/136/124 134/158/144 135/160/146
f 113/138/125 82/161/8 128/162/147
f 308/163/10 127/140/126 142/159/145
f 120/136/124 136/164/148 121/141/127
f 113/138/125 129/165/149 114/142/128
f 121/141/127 137/166/150 122/143/129
f 114/142/128 130/167/151 115/144/130
f 123/145/131 137/166/150 138/168/152
f 115/144/130 131/153/139 116/146/132
f 128/162/147 82/169/8 143/170/153
f 308/171/10 142/159/145 157/172/154
f 135/160/146 151/173/155 136/164/148
f 128/162/147 144/174/156 129/165/149
f 136/164/148 152/175/157 137/166/150
f 129/165/149 145/176/158 130/167/151
f 138/168/152 152/175/157 153/177/159
f 130/167/151 146/178/160 131/153/139
f 138/168/152 154/179/161 139/152/138
f 132/154/140 146/178/160 147/180/162
f 140/155/141 154/179/161 155/181/163
f 132/154/140 148/182/164 133/156/142
f 141/157/143 155/181/163 156/183/165
f 134/158/144 148/182/164 149/184/166
f 142/159/145 156/183/165 157/172/154
f 135/160/146 149/184/166 150/185/167
f 147/180/162 161/186/168 162/187/169
f 155/181/163 169/188/170 170/189/171
f 147/180/162 163/190/172 148/182/164
f 155/181/163 171/191/173 156/183/165
f 149/184/166 163/190/172 164/192/174
f 156/183/165 172/193/175 157/172/154
f 150/185/167 164/192/174 165/194/176
f 143/170/153 82/195/8 158/196/177
f 308/197/10 157/172/154 172/193/175
f 150/185/167 166/198/178 151/173/155
f 143/170/153 159/199/179 144/174/156
f 151/173/155 167/200/180 152/175/157
f 145/176/158 159/199/179 160/201/181
f 153/177/159 167/200/180 168/202/182
f 145/176/158 161/186/168 146/178/160
f 153/177/159 169/188/170 154/179/161
f 165/194/176 181/203/183 166/198/178
f 158/196/177 174/204/184 159/199/179
f 166/198/178 182/205/185 167/200/180
f 159/199/179 175/206/186 160/201/181
f 168/202/182 182/205/185 183/207/187
f 160/201/181 176/208/188 161/186/168
f 168/202/182 184/209/189 169/188/170
f 162/187/169 176/208/188 177/210/190
f 170/189/171 184/209/189 185/211/191
f 162/187/169 178/212/192 163/190/172
f 171/191/173 185/211/191 186/213/193
f 164/192/174 178/212/192 179/214/194
f 172/193/175 186/213/193 187/215/195
f 165/194/176 179/214/194 180/216/196
f 158/196/177 82/217/8 173/218/197
f 308/219/10 172/193/175 187/215/195
f 185/211/191 199/220/198 200/221/199
f 177/210/190 193/222/200 178/212/192
f 185/211/191 201/223/201 186/213/193
f 179/214/194 193/222/200 194/224/202
f 186/213/193 202/225/203 187/215/195
f 180/216/196 194/224/202 195/226/204
f 173/218/197 82/227/8 188/228/205
f 308/229/10 187/215/195 202/225/203
f 180/216/196 196/230/206 181/203/183
f 174/204/184 188/228/205 189/231/207
f 181/203/183 197/232/208 182/205/185
f 175/206/186 189/231/207 190/233/209
f 183/207/187 197/232/208 198/234/210
f 175/206/186 191/235/211 176/208/188
f 183/207/187 199/220/198 184/209/189
f 177/210/190 191/235/211 192/236/212
f 196/230/206 212/237/213 197/232/208
f 189/231/207 205/238/214 190/233/209
f 198/234/210 212/237/213 213/239/215
f 190/233/209 206/240/216 191/235/211
f 198/234/210 214/241/217 199/220/198
f 192/236/212 206/240/216 207/242/218
f 200/221/199 214/241/217 215/243/219
f 192/236/212 208/244/220 193/222/200
f 201/223/201 215/243/219 216/245/221
f 194/224/202 208/244/220 209/246/222
f 202/225/203 216/245/221 217/247/223
f 195/226/204 209/246/222 210/248/224
f 188/228/205 82/249/8 203/250/225
f 308/251/10 202/225/203 217/247/223
f 195/226/204 211/252/226 196/230/206
f 188/228/205 204/253/227 189/231/207
f 216/245/221 230/254/228 231/255/229
f 209/246/222 223/256/230 224/257/231
f 217/247/223 231/255/229 232/258/232
f 210/248/224 224/257/231 225/259/233
f 203/250/225 82/260/8 218/261/234
f 308/262/10 217/247/223 232/258/232
f 210/248/224 226/263/235 211/252/226
f 203/250/225 219/264/236 204/253/227
f 211/252/226 227/265/237 212/237/213
f 204/253/227 220/266/238 205/238/214
f 213/239/215 227/265/237 228/267/239
f 205/238/214 221/268/240 206/240/216
f 213/239/215 229/269/241 214/241/217
f 207/242/218 221/268/240 222/270/242
f 215/243/219 229/269/241 230/254/228
f 207/242/218 223/256/230 208/244/220
f 219/264/236 235/271/243 220/266/238
f 228/267/239 242/272/244 243/273/245
f 220/266/238 236/274/246 221/268/240
f 228/267/239 244/275/247 229/269/241
f 222/270/242 236/274/246 237/276/248
f 230/254/228 244/275/247 245/277/249
f 222/270/242 238/278/250 223/256/230
f 231/255/229 245/277/249 246/279/251
f 224/257/231 238/278/250 239/280/252
f 231/255/229 247/281/253 232/258/232
f 225/259/233 239/280/252 240/282/254
f 218/261/234 82/283/8 233/284/255
f 308/285/10 232/258/232 247/281/253
f 225/259/233 241/286/256 226/263/235
f 219/264/236 233/284/255 234/287/257
f 226/263/235 242/272/244 227/265/237
f 239/280/252 253/288/258 254/289/259
f 246/279/251 262/290/260 247/281/253
f 240/282/254 254/289/259 255/291/261
f 233/284/255 82/292/8 248/293/262
f 308/294/10 247/281/253 262/290/260
f 240/282/254 256/295/263 241/286/256
f 234/287/257 248/293/262 249/296/264
f 241/286/256 257/297/265 242/272/244
f 235/271/243 249/296/264 250/298/266
f 243/273/245 257/297/265 258/299/267
f 235/271/243 251/300/268 236/274/246
f 243/273/245 259/301/269 244/275/247
f 237/276/248 251/300/268 252/302/270
f 245/277/249 259/301/269 260/303/271
f 237/276/248 253/288/258 238/278/250
f 245/277/249 261/304/272 246/279/251
f 258/299/267 272/305/273 273/306/274
f 250/298/266 266/307/275 251/300/268
f 258/299/267 274/308/276 259/301/269
f 252/302/270 266/307/275 267/309/277
f 260/303/271 274/308/276 275/310/278
f 252/302/270 268/311/279 253/288/258
f 260/303/271 276/312/280 261/304/272
f 254/289/259 268/311/279 269/313/281
f 261/304/272 277/314/282 262/290/260
f 255/291/261 269/313/281 270/315/283
f 248/293/262 82/316/8 263/317/284
f 308/318/10 262/290/260 277/314/282
f 255/291/261 271/319/285 256/295/263
f 248/293/262 264/320/286 249/296/264
f 256/295/263 272/305/273 257/297/265
f 249/296/264 265/321/287 250/298/266
f 277/314/282 291/322/288 292/323/289
f 270/315/283 284/324/290 285/325/291
f 263/317/284 82/326/8 278/327/292
f 308/328/10 277/314/282 292/323/289
f 270/315/283 286/329/293 271/319/285
f 263/317/284 279/330/294 264/320/286
f 271/319/285 287/331/295 272/305/273
f 265/321/287 279/330/294 280/332/296
f 273/306/274 287/331/295 288/333/297
f 265/321/287 281/334/298 266/307/275
f 273/306/274 289/335/299 274/308/276
f 266/307/275 282/336/300 267/309/277
f 275/310/278 289/335/299 290/337/301
f 267/309/277 283/338/302 268/311/279
f 275/310/278 291/322/288 276/312/280
f 269/313/281 283/338/302 284/324/290
f 280/332/296 296/339/303 281/334/298
f 288/333/297 304/340/304 289/335/299
f 282/336/300 296/339/303 297/341/305
f 290/337/301 304/340/304 305/342/306
f 282/336/300 298/343/307 283/338/302
f 290/337/301 306/344/308 291/322/288
f 284/324/290 298/343/307 299/345/309
f 292/323/289 306/344/308 307/346/310
f 285/325/291 299/345/309 300/347/311
f 278/327/292 82/348/8 293/349/312
f 308/350/10 292/323/289 307/346/310
f 285/325/291 301/351/313 286/329/293
f 278/327/292 294/352/314 279/330/294
f 286/329/293 302/353/315 287/331/295
f 279/330/294 295/354/316 280/332/296
f 288/333/297 302/353/315 303/355/317
f 300/347/311 315/356/318 316/357/319
f 293/349/312 82/358/8 309/359/320
f 308/360/10 307/346/310 323/361/321
f 300/347/311 317/362/322 301/351/313
f 293/349/312 310/363/323 294/352/314
f 301/351/313 318/364/324 302/353/315
f 295/354/316 310/363/323 311/365/325
f 303/355/317 318/364/324 319/366/326
f 295/354/316 312/367/327 296/339/303
f 303/355/317 320/368/328 304/340/304
f 297/341/305 312/367/327 313/369/329
f 305/342/306 320/368/328 321/370/330
f 297/341/305 314/371/331 298/343/307
f 305/342/306 322/372/332 306/344/308
f 299/345/309 314/371/331 315/356/318
f 307/346/310 322/372/332 323/361/321
f 319/366/326 335/373/333 320/368/328
f 313/369/329 327/374/334 328/375/335
f 321/370/330 335/373/333 336/376/336
f 313/369/329 329/377/337 314/371/331
f 321/370/330 337/378/338 322/372/332
f 315/356/318 329/377/337 330/379/339
f 323/361/321 337/378/338 338/380/340
f 316/357/319 330/379/339 331/381/341
f 309/359/320 82/382/8 324/383/342
f 308/384/10 323/361/321 338/380/340
f 316/357/319 332/385/343 317/362/322
f 309/359/320 325/386/344 310/363/323
f 317/362/322 333/387/345 318/364/324
f 311/365/325 325/386/344 326/388/346
f 319/366/326 333/387/345 334/389/347
f 311/365/325 327/374/334 312/367/327
f 308/390/10 338/380/340 353/391/348
f 331/381/341 347/392/349 332/385/343
f 324/383/342 340/393/350 325/386/344
f 332/385/343 348/394/351 333/387/345
f 326/388/346 340/393/350 341/395/352
f 334/389/347 348/394/351 349/396/353
f 326/388/346 342/397/354 327/374/334
f 334/389/347 350/398/355 335/373/333
f 328/375/335 342/397/354 343/399/356
f 336/376/336 350/398/355 351/400/357
f 328/375/335 344/401/358 329/377/337
f 336/376/336 352/402/359 337/378/338
f 330/379/339 344/401/358 345/403/360
f 338/380/340 352/402/359 353/391/348
f 331/381/341 345/403/360 346/404/361
f 324/383/342 82/405/8 339/406/362
f 351/400/357 365/407/363 366/408/364
f 343/399/356 359/409/365 344/401/358
f 351/400/357 367/410/366 352/402/359
f 345/403/360 359/409/365 360/411/367
f 352/402/359 368/412/368 353/391/348
f 346/404/361 360/411/367 361/413/369
f 339/406/362 82/414/8 354/415/370
f 308/416/10 353/391/348 368/412/368
f 346/404/361 362/417/371 347/392/349
f 340/393/350 354/415/370 355/418/372
f 347/392/349 363/419/373 348/394/351
f 341/395/352 355/418/372 356/420/374
f 349/396/353 363/419/373 364/421/375
f 341/395/352 357/422/376 342/397/354
f 349/396/353 365/407/363 350/398/355
f 343/399/356 357/422/376 358/423/377
f 354/424/370 370/425/378 355/426/372
f 362/427/371 378/428/379 363/429/373
f 356/430/374 370/425/378 371/431/380
f 364/432/375 378/428/379 379/433/381
f 356/430/374 372/434/382 357/435/376
f 364/432/375 380/436/383 365/437/363
f 358/438/377 372/434/382 373/439/384
f 366/440/364 380/436/383 381/441/385
f 358/438/377 374/442/386 359/443/365
f 366/440/364 382/444/387 367/445/366
f 360/446/367 374/442/386 375/447/388
f 368/448/368 382/444/387 383/449/389
f 361/450/369 375/447/388 376/451/390
f 354/424/370 82/452/8 369/453/391
f 308/454/10 368/448/368 383/449/389
f 361/450/369 377/455/392 362/427/371
f 373/439/384 389/456/393 374/442/386
f 381/441/385 397/457/394 382/444/387
f 375/447/388 389/456/393 390/458/395
f 382/444/387 398/459/396 383/449/389
f 376/451/390 390/458/395 391/460/397
f 369/453/391 82/461/8 384/462/398
f 308/463/10 383/449/389 398/459/396
f 376/451/390 392/464/399 377/455/392
f 370/425/378 384/462/398 385/465/400
f 377/455/392 393/466/401 378/428/379
f 371/431/380 385/465/400 386/467/402
f 379/433/381 393/466/401 394/468/403
f 371/431/380 387/469/404 372/434/382
f 379/433/381 395/470/405 380/436/383
f 373/439/384 387/469/404 388/471/406
f 381/441/385 395/470/405 396/472/407
f 392/464/399 408/473/408 393/466/401
f 385/465/400 401/474/409 386/467/402
f 394/468/403 408/473/408 409/475/410
f 386/467/402 402/476/411 387/469/404
f 394/468/403 410/477/412 395/470/405
f 388/471/406 402/476/411 403/478/413
f 396/472/407 410/477/412 411/479/414
f 388/471/406 404/480/415 389/456/393
f 397/457/394 411/479/414 412/481/416
f 390/458/395 404/480/415 405/482/417
f 398/459/396 412/481/416 413/483/418
f 391/460/397 405/482/417 406/484/419
f 384/462/398 82/485/8 399/486/420
f 308/487/10 398/459/396 413/483/418
f 391/460/397 407/488/421 392/464/399
f 384/462/398 400/489/422 385/465/400
f 411/479/414 427/490/423 412/481/416
f 405/482/417 419/491/424 420/492/425
f 413/483/418 427/490/423 428/493/426
f 406/484/419 420/492/425 421/494/427
f 399/486/420 82/495/8 414/496/428
f 308/497/10 413/483/418 428/493/426
f 406/484/419 422/498/429 407/488/421
f 399/486/420 415/499/430 400/489/422
f 407/488/421 423/500/431 408/473/408
f 401/474/409 415/499/430 416/501/432
f 409/475/410 423/500/431 424/502/433
f 401/474/409 417/503/434 402/476/411
f 409/475/410 425/504/435 410/477/412
f 403/478/413 417/503/434 418/505/436
f 411/479/414 425/504/435 426/506/437
f 403/478/413 419/491/424 404/480/415
f 416/501/432 430/507/438 431/508/439
f 424/502/433 438/509/440 439/510/441
f 416/501/432 432/511/442 417/503/434
f 424/502/433 440/512/443 425/504/435
f 418/505/436 432/511/442 433/513/444
f 426/506/437 440/512/443 441/514/445
f 418/505/436 434/515/446 419/491/424
f 426/506/437 442/516/447 427/490/423
f 420/492/425 434/515/446 435/517/448
f 427/490/423 443/518/449 428/493/426
f 421/494/427 435/517/448 436/519/450
f 414/496/428 82/520/8 429/521/451
f 308/522/10 428/493/426 443/518/449
f 421/494/427 437/523/452 422/498/429
f 415/499/430 429/521/451 430/507/438
f 422/498/429 438/509/440 423/500/431
f 435/517/448 449/524/453 450/525/454
f 442/516/447 458/526/455 443/518/449
f 436/519/450 450/525/454 451/527/456
f 429/521/451 82/528/8 444/529/457
f 308/530/10 443/518/449 458/526/455
f 436/519/450 452/531/458 437/523/452
f 430/507/438 444/529/457 445/532/459
f 437/523/452 453/533/460 438/509/440
f 431/508/439 445/532/459 446/534/461
f 439/510/441 453/533/460 454/535/462
f 431/508/439 447/536/463 432/511/442
f 439/510/441 455/537/464 440/512/443
f 433/513/444 447/536/463 448/538/465
f 441/514/445 455/537/464 456/539/466
f 433/513/444 449/524/453 434/515/446
f 441/514/445 457/540/467 442/516/447
f 454/535/462 468/541/468 469/542/469
f 446/534/461 462/543/470 447/536/463
f 454/535/462 470/544/471 455/537/464
f 448/538/465 462/543/470 463/545/472
f 456/539/466 470/544/471 471/546/473
f 448/538/465 464/547/474 449/524/453
f 456/539/466 472/548/475 457/540/467
f 450/525/454 464/547/474 465/549/476
f 458/526/455 472/548/475 473/550/477
f 451/527/456 465/549/476 466/551/478
f 444/529/457 82/552/8 459/553/479
f 308/554/10 458/526/455 473/550/477
f 451/527/456 467/555/480 452/531/458
f 444/529/457 460/556/481 445/532/459
f 452/531/458 468/541/468 453/533/460
f 446/534/461 460/556/481 461/557/482
f 472/548/475 482/3/3 473/550/477
f 466/551/478 3/4/4 4/6/6
f 459/553/479 82/558/8 474/7/7
f 308/559/10 473/550/477 482/3/3
f 466/551/478 5/11/11 467/555/480
f 460/556/481 474/7/7 475/13/13
f 467/555/480 478/16/16 468/541/468
f 461/557/482 475/13/13 1/17/17
f 468/541/468 6/20/20 469/542/469
f 462/543/470 1/17/17 476/21/21
f 469/542/469 479/24/24 470/544/471
f 463/545/472 476/21/21 2/25/25
f 471/546/473 479/24/24 480/28/28
f 464/547/474 2/25/25 477/29/29
f 471/546/473 481/1/1 472/548/475
f 465/549/476 477/29/29 3/4/4
f 481/1/1 20/31/31 21/2/2
f 3/4/4 13/32/32 14/5/5
f 5/11/11 4/6/6 14/5/5
f 475/13/13 474/7/7 7/9/9
f 5/11/11 15/12/12 16/15/15
f 1/17/17 475/13/13 8/14/14
f 478/16/16 16/15/15 17/19/19
f 476/21/21 1/17/17 9/18/18
f 6/20/20 17/19/19 18/23/23
f 2/25/25 476/21/21 10/22/22
f 479/24/24 18/23/23 19/27/27
f 477/29/29 2/25/25 11/26/26
f 480/28/28 19/27/27 20/31/31
f 3/4/4 477/29/29 12/30/30
f 11/26/26 26/49/47 27/33/33
f 20/31/31 19/27/27 34/34/34
f 13/32/32 12/30/30 27/33/33
f 21/2/2 20/31/31 35/35/35
f 14/5/5 13/32/32 28/36/36
f 14/5/5 29/38/38 30/42/40
f 7/9/9 22/40/39 23/43/41
f 15/12/12 30/42/40 31/44/42
f 8/14/14 23/43/41 24/45/43
f 17/19/19 16/15/15 31/44/42
f 9/18/18 24/45/43 25/47/45
f 18/23/23 17/19/19 32/46/44
f 10/22/22 25/47/45 26/49/47
f 19/27/27 18/23/23 33/48/46
f 30/42/40 45/65/61 46/50/48
f 23/43/41 38/66/62 39/51/49
f 32/46/44 31/44/42 46/50/48
f 24/45/43 39/51/49 40/53/51
f 32/46/44 47/52/50 48/54/52
f 26/49/47 25/47/45 40/53/51
f 34/34/34 33/48/46 48/54/52
f 26/49/47 41/55/53 42/57/55
f 35/35/35 34/34/34 49/56/54
f 28/36/36 27/33/33 42/57/55
f 36/37/37 35/35/35 50/58/56
f 29/38/38 28/36/36 43/59/57
f 29/38/38 44/61/59 45/65/61
f 22/40/39 37/63/60 38/66/62
f 50/58/56 49/56/54 64/67/63
f 43/59/57 42/57/55 57/69/65
f 51/60/58 50/58/56 65/68/64
f 44/61/59 43/59/57 58/70/66
f 44/61/59 59/72/68 60/76/70
f 37/63/60 52/74/69 53/77/71
f 45/65/61 60/76/70 61/78/72
f 38/66/62 53/77/71 54/79/73
f 47/52/50 46/50/48 61/78/72
f 39/51/49 54/79/73 55/81/75
f 48/54/52 47/52/50 62/80/74
f 40/53/51 55/81/75 56/83/77
f 49/56/54 48/54/52 63/82/76
f 41/55/53 56/83/77 57/69/65
f 62/80/74 61/78/72 76/84/78
f 54/79/73 69/100/92 70/86/80
f 62/80/74 77/85/79 78/87/81
f 56/83/77 55/81/75 70/86/80
f 64/67/63 63/82/76 78/87/81
f 56/83/77 71/88/82 72/90/84
f 64/67/63 79/89/83 80/91/85
f 58/70/66 57/69/65 72/90/84
f 65/68/64 80/91/85 81/93/87
f 59/72/68 58/70/66 73/92/86
f 59/72/68 74/94/88 75/98/90
f 53/77/71 52/74/69 67/96/89
f 60/76/70 75/98/90 76/84/78
f 54/79/73 53/77/71 68/99/91
f 81/93/87 80/91/85 96/101/93
f 74/94/88 73/92/86 89/103/95
f 74/94/88 90/104/96 91/108/98
f 67/96/89 83/106/97 84/109/99
f 75/98/90 91/108/98 92/110/100
f 68/99/91 84/109/99 85/111/101
f 77/85/79 76/84/78 92/110/100
f 69/100/92 85/111/101 86/113/103
f 77/85/79 93/112/102 94/114/104
f 71/88/82 70/86/80 86/113/103
f 79/89/83 78/87/81 94/114/104
f 71/88/82 87/115/105 88/117/107
f 80/91/85 79/89/83 95/116/106
f 73/92/86 72/90/84 88/117/107
f 85/111/101 100/133/121 101/118/108
f 93/112/102 108/134/122 109/119/109
f 87/115/105 86/113/103 101/118/108
f 95/116/106 94/114/104 109/119/109
f 87/115/105 102/120/110 103/122/112
f 95/116/106 110/121/111 111/123/113
f 89/103/95 88/117/107 103/122/112
f 96/101/93 111/123/113 112/125/115
f 90/104/96 89/103/95 104/124/114
f 90/104/96 105/126/116 106/130/118
f 84/109/99 83/106/97 98/128/117
f 91/108/98 106/130/118 107/132/120
f 85/111/101 84/109/99 99/131/119
f 93/112/102 92/110/100 107/132/120
f 105/126/116 104/124/114 119/135/123
f 105/126/116 120/136/124 121/141/127
f 99/131/119 98/128/117 113/138/125
f 106/130/118 121/141/127 122/143/129
f 100/133/121 99/131/119 114/142/128
f 108/134/122 107/132/120 122/143/129
f 100/133/121 115/144/130 116/146/132
f 108/134/122 123/145/131 124/147/133
f 102/120/110 101/118/108 116/146/132
f 110/121/111 109/119/109 124/147/133
f 102/120/110 117/148/134 118/150/136
f 110/121/111 125/149/135 126/151/137
f 104/124/114 103/122/112 118/150/136
f 111/123/113 126/151/137 127/140/126
f 123/145/131 138/168/152 139/152/138
f 117/148/134 116/146/132 131/153/139
f 125/149/135 124/147/133 139/152/138
f 117/148/134 132/154/140 133/156/142
f 126/151/137 125/149/135 140/155/141
f 119/135/123 118/150/136 133/156/142
f 127/140/126 126/151/137 141/157/143
f 120/136/124 119/135/123 134/158/144
f 120/136/124 135/160/146 136/164/148
f 113/138/125 128/162/147 129/165/149
f 121/141/127 136/164/148 137/166/150
f 114/142/128 129/165/149 130/167/151
f 123/145/131 122/143/129 137/166/150
f 115/144/130 130/167/151 131/153/139
f 135/160/146 150/185/167 151/173/155
f 128/162/147 143/170/153 144/174/156
f 136/164/148 151/173/155 152/175/157
f 129/165/149 144/174/156 145/176/158
f 138/168/152 137/166/150 152/175/157
f 130/167/151 145/176/158 146/178/160
f 138/168/152 153/177/159 154/179/161
f 132/154/140 131/153/139 146/178/160
f 140/155/141 139/152/138 154/179/161
f 132/154/140 147/180/162 148/182/164
f 141/157/143 140/155/141 155/181/163
f 134/158/144 133/156/142 148/182/164
f 142/159/145 141/157/143 156/183/165
f 135/160/146 134/158/144 149/184/166
f 147/180/162 146/178/160 161/186/168
f 155/181/163 154/179/161 169/188/170
f 147/180/162 162/187/169 163/190/172
f 155/181/163 170/189/171 171/191/173
f 149/184/166 148/182/164 163/190/172
f 156/183/165 171/191/173 172/193/175
f 150/185/167 149/184/166 164/192/174
f 150/185/167 165/194/176 166/198/178
f 143/170/153 158/196/177 159/199/179
f 151/173/155 166/198/178 167/200/180
f 145/176/158 144/174/156 159/199/179
f 153/177/159 152/175/157 167/200/180
f 145/176/158 160/201/181 161/186/168
f 153/177/159 168/202/182 169/188/170
f 165/194/176 180/216/196 181/203/183
f 158/196/177 173/218/197 174/204/184
f 166/198/178 181/203/183 182/205/185
f 159/199/179 174/204/184 175/206/186
f 168/202/182 167/200/180 182/205/185
f 160/201/181 175/206/186 176/208/188
f 168/202/182 183/207/187 184/209/189
f 162/187/169 161/186/168 176/208/188
f 170/189/171 169/188/170 184/209/189
f 162/187/169 177/210/190 178/212/192
f 171/191/173 170/189/171 185/211/191
f 164/192/174 163/190/172 178/212/192
f 172/193/175 171/191/173 186/213/193
f 165/194/176 164/192/174 179/214/194
f 185/211/191 184/209/189 199/220/198
f 177/210/190 192/236/212 193/222/200
f 185/211/191 200/221/199 201/223/201
f 179/214/194 178/212/192 193/222/200
f 186/213/193 201/223/201 202/225/203
f 180/216/196 179/214/194 194/224/202
f 180/216/196 195/226/204 196/230/206
f 174/204/184 173/218/197 188/228/205
f 181/203/183 196/230/206 197/232/208
f 175/206/186 174/204/184 189/231/207
f 183/207/187 182/205/185 197/232/208
f 175/206/186 190/233/209 191/235/211
f 183/207/187 198/234/210 199/220/198
f 177/210/190 176/208/188 191/235/211
f 196/230/206 211/252/226 212/237/213
f 189/231/207 204/253/227 205/238/214
f 198/234/210 197/232/208 212/237/213
f 190/233/209 205/238/214 206/240/216
f 198/234/210 213/239/215 214/241/217
f 192/236/212 191/235/211 206/240/216
f 200/221/199 199/220/198 214/241/217
f 192/236/212 207/242/218 208/244/220
f 201/223/201 200/221/199 215/243/219
f 194/224/202 193/222/200 208/244/220
f 202/225/203 201/223/201 216/245/221
f 195/226/204 194/224/202 209/246/222
f 195/226/204 210/248/224 211/252/226
f 188/228/205 203/250/225 204/253/227
f 216/245/221 215/243/219 230/254/228
f 209/246/222 208/244/220 223/256/230
f 217/247/223 216/245/221 231/255/229
f 210/248/224 209/246/222 224/257/231
f 210/248/224 225/259/233 226/263/235
f 203/250/225 218/261/234 219/264/236
f 211/252/226 226/263/235 227/265/237
f 204/253/227 219/264/236 220/266/238
f 213/239/215 212/237/213 227/265/237
f 205/238/214 220/266/238 221/268/240
f 213/239/215 228/267/239 229/269/241
f 207/242/218 206/240/216 221/268/240
f 215/243/219 214/241/217 229/269/241
f 207/242/218 222/270/242 223/256/230
f 219/264/236 234/287/257 235/271/243
f 228/267/239 227/265/237 242/272/244
f 220/266/238 235/271/243 236/274/246
f 228/267/239 243/273/245 244/275/247
f 222/270/242 221/268/240 236/274/246
f 230/254/228 229/269/241 244/275/247
f 222/270/242 237/276/248 238/278/250
f 231/255/229 230/254/228 245/277/249
f 224/257/231 223/256/230 238/278/250
f 231/255/229 246/279/251 247/281/253
f 225/259/233 224/257/231 239/280/252
f 225/259/233 240/282/254 241/286/256
f 219/264/236 218/261/234 233/284/255
f 226/263/235 241/286/256 242/272/244
f 239/280/252 238/278/250 253/288/258
f 246/279/251 261/304/272 262/290/260
f 240/282/254 239/280/252 254/289/259
f 240/282/254 255/291/261 256/295/263
f 234/287/257 233/284/255 248/293/262
f 241/286/256 256/295/263 257/297/265
f 235/271/243 234/287/257 249/296/264
f 243/273/245 242/272/244 257/297/265
f 235/271/243 250/298/266 251/300/268
f 243/273/245 258/299/267 259/301/269
f 237/276/248 236/274/246 251/300/268
f 245/277/249 244/275/247 259/301/269
f 237/276/248 252/302/270 253/288/258
f 245/277/249 260/303/271 261/304/272
f 258/299/267 257/297/265 272/305/273
f 250/298/266 265/321/287 266/307/275
f 258/299/267 273/306/274 274/308/276
f 252/302/270 251/300/268 266/307/275
f 260/303/271 259/301/269 274/308/276
f 252/302/270 267/309/277 268/311/279
f 260/303/271 275/310/278 276/312/280
f 254/289/259 253/288/258 268/311/279
f 261/304/272 276/312/280 277/314/282
f 255/291/261 254/289/259 269/313/281
f 255/291/261 270/315/283 271/319/285
f 248/293/262 263/317/284 264/320/286
f 256/295/263 271/319/285 272/305/273
f 249/296/264 264/320/286 265/321/287
f 277/314/282 276/312/280 291/322/288
f 270/315/283 269/313/281 284/324/290
f 270/315/283 285/325/291 286/329/293
f 263/317/284 278/327/292 279/330/294
f 271/319/285 286/329/293 287/331/295
f 265/321/287 264/320/286 279/330/294
f 273/306/274 272/305/273 287/331/295
f 265/321/287 280/332/296 281/334/298
f 273/306/274 288/333/297 289/335/299
f 266/307/275 281/334/298 282/336/300
f 275/310/278 274/308/276 289/335/299
f 267/309/277 282/336/300 283/338/302
f 275/310/278 290/337/301 291/322/288
f 269/313/281 268/311/279 283/338/302
f 280/332/296 295/354/316 296/339/303
f 288/333/297 303/355/317 304/340/304
f 282/336/300 281/334/298 296/339/303
f 290/337/301 289/335/299 304/340/304
f 282/336/300 297/341/305 298/343/307
f 290/337/301 305/342/306 306/344/308
f 284/324/290 283/338/302 298/343/307
f 292/323/289 291/322/288 306/344/308
f 285/325/291 284/324/290 299/345/309
f 285/325/291 300/347/311 301/351/313
f 278/327/292 293/349/312 294/352/314
f 286/329/293 301/351/313 302/353/315
f 279/330/294 294/352/314 295/354/316
f 288/333/297 287/331/295 302/353/315
f 300/347/311 299/345/309 315/356/318
f 300/347/311 316/357/319 317/362/322
f 293/349/312 309/359/320 310/363/323
f 301/351/313 317/362/322 318/364/324
f 295/354/316 294/352/314 310/363/323
f 303/355/317 302/353/315 318/364/324
f 295/354/316 311/365/325 312/367/327
f 303/355/317 319/366/326 320/368/328
f 297/341/305 296/339/303 312/367/327
f 305/342/306 304/340/304 320/368/328
f 297/341/305 313/369/329 314/371/331
f 305/342/306 321/370/330 322/372/332
f 299/345/309 298/343/307 314/371/331
f 307/346/310 306/344/308 322/372/332
f 319/366/326 334/389/347 335/373/333
f 313/369/329 312/367/327 327/374/334
f 321/370/330 320/368/328 335/373/333
f 313/369/329 328/375/335 329/377/337
f 321/370/330 336/376/336 337/378/338
f 315/356/318 314/371/331 329/377/337
f 323/361/321 322/372/332 337/378/338
f 316/357/319 315/356/318 330/379/339
f 316/357/319 331/381/341 332/385/343
f 309/359/320 324/383/342 325/386/344
f 317/362/322 332/385/343 333/387/345
f 311/365/325 310/363/323 325/386/344
f 319/366/326 318/364/324 333/387/345
f 311/365/325 326/388/346 327/374/334
f 331/381/341 346/404/361 347/392/349
f 324/383/342 339/406/362 340/393/350
f 332/385/343 347/392/349 348/394/351
f 326/388/346 325/386/344 340/393/350
f 334/389/347 333/387/345 348/394/351
f 326/388/346 341/395/352 342/397/354
f 334/389/347 349/396/353 350/398/355
f 328/375/335 327/374/334 342/397/354
f 336/376/336 335/373/333 350/398/355
f 328/375/335 343/399/356 344/401/358
f 336/376/336 351/400/357 352/402/359
f 330/379/339 329/377/337 344/401/358
f 338/380/340 337/378/338 352/402/359
f 331/381/341 330/379/339 345/403/360
f 351/400/357 350/398/355 365/407/363
f 343/399/356 358/423/377 359/409/365
f 351/400/357 366/408/364 367/410/366
f 345/403/360 344/401/358 359/409/365
f 352/402/359 367/410/366 368/412/368
f 346/404/361 345/403/360 360/411/367
f 346/404/361 361/413/369 362/417/371
f 340/393/350 339/406/362 354/415/370
f 347/392/349 362/417/371 363/419/373
f 341/395/352 340/393/350 355/418/372
f 349/396/353 348/394/351 363/419/373
f 341/395/352 356/420/374 357/422/376
f 349/396/353 364/421/375 365/407/363
f 343/399/356 342/397/354 357/422/376
f 354/424/370 369/453/391 370/425/378
f 362/427/371 377/455/392 378/428/379
f 356/430/374 355/426/372 370/425/378
f 364/432/375 363/429/373 378/428/379
f 356/430/374 371/431/380 372/434/382
f 364/432/375 379/433/381 380/436/383
f 358/438/377 357/435/376 372/434/382
f 366/440/364 365/437/363 380/436/383
f 358/438/377 373/439/384 374/442/386
f 366/440/364 381/441/385 382/444/387
f 360/446/367 359/443/365 374/442/386
f 368/448/368 367/445/366 382/444/387
f 361/450/369 360/446/367 375/447/388
f 361/450/369 376/451/390 377/455/392
f 373/439/384 388/471/406 389/456/393
f 381/441/385 396/472/407 397/457/394
f 375/447/388 374/442/386 389/456/393
f 382/444/387 397/457/394 398/459/396
f 376/451/390 375/447/388 390/458/395
f 376/451/390 391/460/397 392/464/399
f 370/425/378 369/453/391 384/462/398
f 377/455/392 392/464/399 393/466/401
f 371/431/380 370/425/378 385/465/400
f 379/433/381 378/428/379 393/466/401
f 371/431/380 386/467/402 387/469/404
f 379/433/381 394/468/403 395/470/405
f 373/439/384 372/434/382 387/469/404
f 381/441/385 380/436/383 395/470/405
f 392/464/399 407/488/421 408/473/408
f 385/465/400 400/489/422 401/474/409
f 394/468/403 393/466/401 408/473/408
f 386/467/402 401/474/409 402/476/411
f 394/468/403 409/475/410 410/477/412
f 388/471/406 387/469/404 402/476/411
f 396/472/407 395/470/405 410/477/412
f 388/471/406 403/478/413 404/480/415
f 397/457/394 396/472/407 411/479/414
f 390/458/395 389/456/393 404/480/415
f 398/459/396 397/457/394 412/481/416
f 391/460/397 390/458/395 405/482/417
f 391/460/397 406/484/419 407/488/421
f 384/462/398 399/486/420 400/489/422
f 411/479/414 426/506/437 427/490/423
f 405/482/417 404/480/415 419/491/424
f 413/483/418 412/481/416 427/490/423
f 406/484/419 405/482/417 420/492/425
f 406/484/419 421/494/427 422/498/429
f 399/486/420 414/496/428 415/499/430
f 407/488/421 422/498/429 423/500/431
f 401/474/409 400/489/422 415/499/430
f 409/475/410 408/473/408 423/500/431
f 401/474/409 416/501/432 417/503/434
f 409/475/410 424/502/433 425/504/435
f 403/478/413 402/476/411 417/503/434
f 411/479/414 410/477/412 425/504/435
f 403/478/413 418/505/436 419/491/424
f 416/501/432 415/499/430 430/507/438
f 424/502/433 423/500/431 438/509/440
f 416/501/432 431/508/439 432/511/442
f 424/502/433 439/510/441 440/512/443
f 418/505/436 417/503/434 432/511/442
f 426/506/437 425/504/435 440/512/443
f 418/505/436 433/513/444 434/515/446
f 426/506/437 441/514/445 442/516/447
f 420/492/425 419/491/424 434/515/446
f 427/490/423 442/516/447 443/518/449
f 421/494/427 420/492/425 435/517/448
f 421/494/427 436/519/450 437/523/452
f 415/499/430 414/496/428 429/521/451
f 422/498/429 437/523/452 438/509/440
f 435/517/448 434/515/446 449/524/453
f 442/516/447 457/540/467 458/526/455
f 436/519/450 435/517/448 450/525/454
f 436/519/450 451/527/456 452/531/458
f 430/507/438 429/521/451 444/529/457
f 437/523/452 452/531/458 453/533/460
f 431/508/439 430/507/438 445/532/459
f 439/510/441 438/509/440 453/533/460
f 431/508/439 446/534/461 447/536/463
f 439/510/441 454/535/462 455/537/464
f 433/513/444 432/511/442 447/536/463
f 441/514/445 440/512/443 455/537/464
f 433/513/444 448/538/465 449/524/453
f 441/514/445 456/539/466 457/540/467
f 454/535/462 453/533/460 468/541/468
f 446/534/461 461/557/482 462/543/470
f 454/535/462 469/542/469 470/544/471
f 448/538/465 447/536/463 462/543/470
f 456/539/466 455/537/464 470/544/471
f 448/538/465 463/545/472 464/547/474
f 456/539/466 471/546/473 472/548/475
f 450/525/454 449/524/453 464/547/474
f 458/526/455 457/540/467 472/548/475
f 451/527/456 450/525/454 465/549/476
f 451/527/456 466/551/478 467/555/480
f 444/529/457 459/553/479 460/556/481
f 452/531/458 467/555/480 468/541/468
f 446/534/461 445/532/459 460/556/481
f 472/548/475 481/1/1 482/3/3
f 466/551/478 465/549/476 3/4/4
f 466/551/478 4/6/6 5/11/11
f 460/556/481 459/553/479 474/7/7
f 467/555/480 5/11/11 478/16/16
f 461/557/482 460/556/481 475/13/13
f 468/541/468 478/16/16 6/20/20
f 462/543/470 461/557/482 1/17/17
f 469/542/469 6/20/20 479/24/24
f 463/545/472 462/543/470 476/21/21
f 471/546/473 470/544/471 479/24/24
f 464/547/474 463/545/472 2/25/25
f 471/546/473 480/28/28 481/1/1
f 465/549/476 464/547/474 477/29/29
usemtl マテリアル
f 963/1/483 503/2/484 964/3/485
f 485/4/486 496/5/487 486/6/6
f 956/7/488 564/8/8 489/9/489
f 790/10/10 964/3/485 503/2/484
f 487/11/490 496/5/487 497/12/491
f 957/13/492 489/9/489 490/14/493
f 487/11/490 498/15/494 960/16/495
f 483/17/496 490/14/493 491/18/497
f 960/16/495 499/19/498 488/20/499
f 958/21/500 491/18/497 492/22/501
f 488/20/499 500/23/502 961/24/503
f 484/25/504 492/22/501 493/26/505
f 961/24/503 501/27/506 962/28/507
f 959/29/508 493/26/505 494/30/509
f 962/28/507 502/31/510 963/1/483
f 485/4/486 494/30/509 495/32/511
f 493/26/505 509/33/512 494/30/509
f 502/31/510 516/34/513 517/35/514
f 495/32/511 509/33/512 510/36/515
f 503/2/484 517/35/514 518/37/516
f 496/5/487 510/36/515 511/38/517
f 489/9/489 564/39/8 504/40/518
f 790/41/10 503/2/484 518/37/516
f 496/5/487 512/42/519 497/12/491
f 489/9/489 505/43/520 490/14/493
f 497/12/491 513/44/521 498/15/494
f 490/14/493 506/45/522 491/18/497
f 499/19/498 513/44/521 514/46/523
f 491/18/497 507/47/524 492/22/501
f 500/23/502 514/46/523 515/48/525
f 492/22/501 508/49/526 493/26/505
f 501/27/506 515/48/525 516/34/513
f 512/42/519 528/50/527 513/44/521
f 505/43/520 521/51/528 506/45/522
f 514/46/523 528/50/527 529/52/529
f 506/45/522 522/53/530 507/47/524
f 514/46/523 530/54/531 515/48/525
f 508/49/526 522/53/530 523/55/532
f 516/34/513 530/54/531 531/56/533
f 508/49/526 524/57/534 509/33/512
f 517/35/514 531/56/533 532/58/535
f 510/36/515 524/57/534 525/59/536
f 518/37/516 532/58/535 533/60/537
f 511/38/517 525/59/536 526/61/538
f 504/40/518 564/62/8 519/63/539
f 790/64/10 518/37/516 533/60/537
f 511/38/517 527/65/540 512/42/519
f 504/40/518 520/66/541 505/43/520
f 532/58/535 546/67/542 547/68/543
f 525/59/536 539/69/544 540/70/545
f 533/60/537 547/68/543 548/71/546
f 526/61/538 540/70/545 541/72/547
f 519/63/539 564/73/8 534/74/548
f 790/75/10 533/60/537 548/71/546
f 526/61/538 542/76/549 527/65/540
f 519/63/539 535/77/550 520/66/541
f 527/65/540 543/78/551 528/50/527
f 520/66/541 536/79/552 521/51/528
f 529/52/529 543/78/551 544/80/553
f 521/51/528 537/81/554 522/53/530
f 530/54/531 544/80/553 545/82/555
f 522/53/530 538/83/556 523/55/532
f 531/56/533 545/82/555 546/67/542
f 523/55/532 539/69/544 524/57/534
f 544/80/553 558/84/557 559/85/558
f 536/79/552 552/86/559 537/81/554
f 544/80/553 560/87/560 545/82/555
f 538/83/556 552/86/559 553/88/561
f 546/67/542 560/87/560 561/89/562
f 538/83/556 554/90/563 539/69/544
f 546/67/542 562/91/564 547/68/543
f 540/70/545 554/90/563 555/92/565
f 547/68/543 563/93/566 548/71/546
f 541/72/547 555/92/565 556/94/567
f 534/74/548 564/95/8 549/96/568
f 790/97/10 548/71/546 563/93/566
f 541/72/547 557/98/569 542/76/549
f 535/77/550 549/96/568 550/99/570
f 542/76/549 558/84/557 543/78/551
f 536/79/552 550/99/570 551/100/571
f 563/93/566 578/101/572 579/102/573
f 556/94/567 571/103/574 572/104/575
f 549/96/568 564/105/8 565/106/576
f 790/107/10 563/93/566 579/102/573
f 556/94/567 573/108/577 557/98/569
f 549/96/568 566/109/578 550/99/570
f 557/98/569 574/110/579 558/84/557
f 550/99/570 567/111/580 551/100/571
f 559/85/558 574/110/579 575/112/581
f 551/100/571 568/113/582 552/86/559
f 559/85/558 576/114/583 560/87/560
f 553/88/561 568/113/582 569/115/584
f 561/89/562 576/114/583 577/116/585
f 553/88/561 570/117/586 554/90/563
f 562/91/564 577/116/585 578/101/572
f 555/92/565 570/117/586 571/103/574
f 567/111/580 583/118/587 568/113/582
f 575/112/581 591/119/588 576/114/583
f 569/115/584 583/118/587 584/120/589
f 577/116/585 591/119/588 592/121/590
f 569/115/584 585/122/591 570/117/586
f 577/116/585 593/123/592 578/101/572
f 571/103/574 585/122/591 586/124/593
f 578/101/572 594/125/594 579/102/573
f 572/104/575 586/124/593 587/126/595
f 565/106/576 564/127/8 580/128/596
f 790/129/10 579/102/573 594/125/594
f 572/104/575 588/130/597 573/108/577
f 566/109/578 580/128/596 581/131/598
f 573/108/577 589/132/599 574/110/579
f 567/111/580 581/131/598 582/133/600
f 575/112/581 589/132/599 590/134/601
f 587/126/595 601/135/602 602/136/124
f 580/128/596 564/137/8 595/138/603
f 790/139/10 594/125/594 609/140/604
f 587/126/595 603/141/605 588/130/597
f 581/131/598 595/138/603 596/142/606
f 588/130/597 604/143/607 589/132/599
f 582/133/600 596/142/606 597/144/608
f 590/134/601 604/143/607 605/145/609
f 582/133/600 598/146/610 583/118/587
f 590/134/601 606/147/611 591/119/588
f 584/120/589 598/146/610 599/148/612
f 592/121/590 606/147/611 607/149/613
f 584/120/589 600/150/614 585/122/591
f 592/121/590 608/151/615 593/123/592
f 586/124/593 600/150/614 601/135/602
f 593/123/592 609/140/604 594/125/594
f 605/145/609 621/152/616 606/147/611
f 599/148/612 613/153/617 614/154/618
f 607/149/613 621/152/616 622/155/619
f 599/148/612 615/156/620 600/150/614
f 608/151/615 622/155/619 623/157/621
f 601/135/602 615/156/620 616/158/622
f 609/140/604 623/157/621 624/159/623
f 602/136/124 616/158/622 617/160/624
f 595/138/603 564/161/8 610/162/625
f 790/163/10 609/140/604 624/159/623
f 602/136/124 618/164/626 603/141/605
f 595/138/603 611/165/627 596/142/606
f 603/141/605 619/166/628 604/143/607
f 596/142/606 612/167/629 597/144/608
f 605/145/609 619/166/628 620/168/630
f 597/144/608 613/153/617 598/146/610
f 610/162/625 564/169/8 625/170/631
f 790/171/10 624/159/623 639/172/632
f 617/160/624 633/173/633 618/164/626
f 610/162/625 626/174/634 611/165/627
f 618/164/626 634/175/635 619/166/628
f 611/165/627 627/176/636 612/167/629
f 620/168/630 634/175/635 635/177/637
f 612/167/629 628/178/638 613/153/617
f 620/168/630 636/179/639 621/152/616
f 614/154/618 628/178/638 629/180/640
f 622/155/619 636/179/639 637/181/641
f 614/154/618 630/182/642 615/156/620
f 623/157/621 637/181/641 638/183/643
f 616/158/622 630/182/642 631/184/644
f 624/159/623 638/183/643 639/172/632
f 617/160/624 631/184/644 632/185/645
f 629/180/640 643/186/646 644/187/647
f 637/181/641 651/188/648 652/189/649
f 629/180/640 645/190/650 630/182/642
f 637/181/641 653/191/651 638/183/643
f 631/184/644 645/190/650 646/192/652
f 638/183/643 654/193/653 639/172/632
f 632/185/645 646/192/652 647/194/654
f 625/170/631 564/195/8 640/196/655
f 790/197/10 639/172/632 654/193/653
f 632/185/645 648/198/656 633/173/633
f 625/170/631 641/199/657 626/174/634
f 633/173/633 649/200/658 634/175/635
f 627/176/636 641/199/657 642/201/659
f 635/177/637 649/200/658 650/202/660
f 627/176/636 643/186/646 628/178/638
f 635/177/637 651/188/648 636/179/639
f 647/194/654 663/203/661 648/198/656
f 640/196/655 656/204/662 641/199/657
f 648/198/656 664/205/663 649/200/658
f 641/199/657 657/206/664 642/201/659
f 650/202/660 664/205/663 665/207/665
f 642/201/659 658/208/666 643/186/646
f 650/202/660 666/209/667 651/188/648
f 644/187/647 658/208/666 659/210/668
f 652/189/649 666/209/667 667/211/669
f 644/187/647 660/212/670 645/190/650
f 653/191/651 667/211/669 668/213/671
f 646/192/652 660/212/670 661/214/672
f 654/193/653 668/213/671 669/215/673
f 647/194/654 661/214/672 662/216/674
f 640/196/655 564/217/8 655/218/675
f 790/219/10 654/193/653 669/215/673
f 667/211/669 681/220/676 682/221/677
f 659/210/668 675/222/678 660/212/670
f 667/211/669 683/223/679 668/213/671
f 661/214/672 675/222/678 676/224/680
f 668/213/671 684/225/681 669/215/673
f 662/216/674 676/224/680 677/226/682
f 655/218/675 564/227/8 670/228/683
f 790/229/10 669/215/673 684/225/681
f 662/216/674 678/230/684 663/203/661
f 656/204/662 670/228/683 671/231/685
f 663/203/661 679/232/686 664/205/663
f 657/206/664 671/231/685 672/233/687
f 665/207/665 679/232/686 680/234/688
f 657/206/664 673/235/689 658/208/666
f 665/207/665 681/220/676 666/209/667
f 659/210/668 673/235/689 674/236/690
f 678/230/684 694/237/691 679/232/686
f 671/231/685 687/238/692 672/233/687
f 680/234/688 694/237/691 695/239/693
f 672/233/687 688/240/694 673/235/689
f 680/234/688 696/241/695 681/220/676
f 674/236/690 688/240/694 689/242/696
f 682/221/677 696/241/695 697/243/697
f 674/236/690 690/244/698 675/222/678
f 683/223/679 697/243/697 698/245/699
f 676/224/680 690/244/698 691/246/700
f 684/225/681 698/245/699 699/247/701
f 677/226/682 691/246/700 692/248/702
f 670/228/683 564/249/8 685/250/703
f 790/251/10 684/225/681 699/247/701
f 677/226/682 693/252/704 678/230/684
f 670/228/683 686/253/705 671/231/685
f 698/245/699 712/254/706 713/255/707
f 691/246/700 705/256/708 706/257/709
f 699/247/701 713/255/707 714/258/710
f 692/248/702 706/257/709 707/259/711
f 685/250/703 564/260/8 700/261/712
f 790/262/10 699/247/701 714/258/710
f 692/248/702 708/263/713 693/252/704
f 685/250/703 701/264/714 686/253/705
f 693/252/704 709/265/715 694/237/691
f 686/253/705 702/266/716 687/238/692
f 695/239/693 709/265/715 710/267/717
f 687/238/692 703/268/718 688/240/694
f 695/239/693 711/269/719 696/241/695
f 689/242/696 703/268/718 704/270/720
f 697/243/697 711/269/719 712/254/706
f 689/242/696 705/256/708 690/244/698
f 701/264/714 717/271/721 702/266/716
f 710/267/717 724/272/722 725/273/723
f 702/266/716 718/274/724 703/268/718
f 710/267/717 726/275/725 711/269/719
f 704/270/720 718/274/724 719/276/726
f 712/254/706 726/275/725 727/277/727
f 704/270/720 720/278/728 705/256/708
f 713/255/707 727/277/727 728/279/729
f 706/257/709 720/278/728 721/280/730
f 713/255/707 729/281/731 714/258/710
f 707/259/711 721/280/730 722/282/254
f 700/261/712 564/283/8 715/284/732
f 790/285/10 714/258/710 729/281/731
f 707/259/711 723/286/733 708/263/713
f 701/264/714 715/284/732 716/287/734
f 708/263/713 724/272/722 709/265/715
f 721/280/730 735/288/735 736/289/736
f 728/279/729 744/290/737 729/281/731
f 722/282/254 736/289/736 737/291/738
f 715/284/732 564/292/8 730/293/739
f 790/294/10 729/281/731 744/290/737
f 722/282/254 738/295/740 723/286/733
f 716/287/734 730/293/739 731/296/741
f 723/286/733 739/297/742 724/272/722
f 717/271/721 731/296/741 732/298/743
f 725/273/723 739/297/742 740/299/744
f 717/271/721 733/300/745 718/274/724
f 725/273/723 741/301/746 726/275/725
f 719/276/726 733/300/745 734/302/747
f 727/277/727 741/301/746 742/303/748
f 719/276/726 735/288/735 720/278/728
f 727/277/727 743/304/749 728/279/729
f 740/299/744 754/305/750 755/306/751
f 732/298/743 748/307/752 733/300/745
f 740/299/744 756/308/753 741/301/746
f 734/302/747 748/307/752 749/309/754
f 742/303/748 756/308/753 757/310/755
f 734/302/747 750/311/756 735/288/735
f 742/303/748 758/312/757 743/304/749
f 736/289/736 750/311/756 751/313/758
f 743/304/749 759/314/759 744/290/737
f 737/291/738 751/313/758 752/315/760
f 730/293/739 564/316/8 745/317/761
f 790/318/10 744/290/737 759/314/759
f 737/291/738 753/319/762 738/295/740
f 730/293/739 746/320/763 731/296/741
f 738/295/740 754/305/750 739/297/742
f 731/296/741 747/321/764 732/298/743
f 759/314/759 773/322/765 774/323/766
f 752/315/760 766/324/767 767/325/768
f 745/317/761 564/326/8 760/327/769
f 790/328/10 759/314/759 774/323/766
f 752/315/760 768/329/770 753/319/762
f 745/317/761 761/330/771 746/320/763
f 753/319/762 769/331/772 754/305/750
f 747/321/764 761/330/771 762/332/773
f 755/306/751 769/331/772 770/333/774
f 747/321/764 763/334/775 748/307/752
f 755/306/751 771/335/776 756/308/753
f 748/307/752 764/336/777 749/309/754
f 757/310/755 771/335/776 772/337/778
f 749/309/754 765/338/779 750/311/756
f 757/310/755 773/322/765 758/312/757
f 751/313/758 765/338/779 766/324/767
f 762/332/773 778/339/780 763/334/775
f 770/333/774 786/340/781 771/335/776
f 764/336/777 778/339/780 779/341/782
f 772/337/778 786/340/781 787/342/783
f 764/336/777 780/343/784 765/338/779
f 772/337/778 788/344/785 773/322/765
f 766/324/767 780/343/784 781/345/786
f 774/323/766 788/344/785 789/346/787
f 767/325/768 781/345/786 782/347/788
f 760/327/769 564/348/8 775/349/789
f 790/350/10 774/323/766 789/346/787
f 767/325/768 783/351/790 768/329/770
f 760/327/769 776/352/791 761/330/771
f 768/329/770 784/353/792 769/331/772
f 761/330/771 777/354/793 762/332/773
f 770/333/774 784/353/792 785/355/794
f 782/347/788 797/356/795 798/357/796
f 775/349/789 564/358/8 791/359/797
f 790/360/10 789/346/787 805/361/798
f 782/347/788 799/362/799 783/351/790
f 775/349/789 792/363/800 776/352/791
f 783/351/790 800/364/801 784/353/792
f 777/354/793 792/363/800 793/365/802
f 785/355/794 800/364/801 801/366/803
f 777/354/793 794/367/804 778/339/780
f 785/355/794 802/368/805 786/340/781
f 779/341/782 794/367/804 795/369/806
f 787/342/783 802/368/805 803/370/807
f 779/341/782 796/371/808 780/343/784
f 787/342/783 804/372/809 788/344/785
f 781/345/786 796/371/808 797/356/795
f 789/346/787 804/372/809 805/361/798
f 801/366/803 817/373/810 802/368/805
f 795/369/806 809/374/811 810/375/812
f 803/370/807 817/373/810 818/376/813
f 795/369/806 811/377/814 796/371/808
f 803/370/807 819/378/815 804/372/809
f 797/356/795 811/377/814 812/379/816
f 805/361/798 819/378/815 820/380/817
f 798/357/796 812/379/816 813/381/818
f 791/359/797 564/382/8 806/383/819
f 790/384/10 805/361/798 820/380/817
f 798/357/796 814/385/820 799/362/799
f 791/359/797 807/386/821 792/363/800
f 799/362/799 815/387/822 800/364/801
f 793/365/802 807/386/821 808/388/823
f 801/366/803 815/387/822 816/389/824
f 793/365/802 809/374/811 794/367/804
f 790/390/10 820/380/817 835/391/825
f 813/381/818 829/392/826 814/385/820
f 806/383/819 822/393/827 807/386/821
f 814/385/820 830/394/828 815/387/822
f 808/388/823 822/393/827 823/395/829
f 816/389/824 830/394/828 831/396/830
f 808/388/823 824/397/831 809/374/811
f 816/389/824 832/398/832 817/373/810
f 810/375/812 824/397/831 825/399/833
f 818/376/813 832/398/832 833/400/834
f 810/375/812 826/401/835 811/377/814
f 818/376/813 834/402/836 819/378/815
f 812/379/816 826/401/835 827/403/837
f 820/380/817 834/402/836 835/391/825
f 813/381/818 827/403/837 828/404/838
f 806/383/819 564/405/8 821/406/839
f 833/400/834 847/407/840 848/408/841
f 825/399/833 841/409/842 826/401/835
f 833/400/834 849/410/843 834/402/836
f 827/403/837 841/409/842 842/411/844
f 834/402/836 850/412/845 835/391/825
f 828/404/838 842/411/844 843/413/369
f 821/406/839 564/414/8 836/415/846
f 790/416/10 835/391/825 850/412/845
f 828/404/838 844/417/847 829/392/826
f 822/393/827 836/415/846 837/418/848
f 829/392/826 845/419/849 830/394/828
f 823/395/829 837/418/848 838/420/850
f 831/396/830 845/419/849 846/421/851
f 823/395/829 839/422/852 824/397/831
f 831/396/830 847/407/840 832/398/832
f 825/399/833 839/422/852 840/423/853
f 836/424/846 852/425/854 837/426/848
f 844/427/847 860/428/855 845/429/849
f 838/430/850 852/425/854 853/431/856
f 846/432/851 860/428/855 861/433/857
f 838/430/850 854/434/858 839/435/852
f 846/432/851 862/436/859 847/437/840
f 840/438/853 854/434/858 855/439/860
f 848/440/841 862/436/859 863/441/861
f 840/438/853 856/442/862 841/443/842
f 848/440/841 864/444/863 849/445/843
f 842/446/844 856/442/862 857/447/864
f 850/448/845 864/444/863 865/449/865
f 843/450/369 857/447/864 858/451/866
f 836/424/846 564/452/8 851/453/867
f 790/454/10 850/448/845 865/449/865
f 843/450/369 859/455/868 844/427/847
f 855/439/860 871/456/869 856/442/862
f 863/441/861 879/457/870 864/444/863
f 857/447/864 871/456/869 872/458/871
f 864/444/863 880/459/872 865/449/865
f 858/451/866 872/458/871 873/460/873
f 851/453/867 564/461/8 866/462/874
f 790/463/10 865/449/865 880/459/872
f 858/451/866 874/464/875 859/455/868
f 852/425/854 866/462/874 867/465/876
f 859/455/868 875/466/877 860/428/855
f 853/431/856 867/465/876 868/467/878
f 861/433/857 875/466/877 876/468/879
f 853/431/856 869/469/880 854/434/858
f 861/433/857 877/470/881 862/436/859
f 855/439/860 869/469/880 870/471/882
f 863/441/861 877/470/881 878/472/883
f 874/464/875 890/473/884 875/466/877
f 867/465/876 883/474/885 868/467/878
f 876/468/879 890/473/884 891/475/886
f 868/467/878 884/476/887 869/469/880
f 876/468/879 892/477/888 877/470/881
f 870/471/882 884/476/887 885/478/889
f 878/472/883 892/477/888 893/479/890
f 870/471/882 886/480/891 871/456/869
f 879/457/870 893/479/890 894/481/892
f 872/458/871 886/480/891 887/482/893
f 880/459/872 894/481/892 895/483/894
f 873/460/873 887/482/893 888/484/895
f 866/462/874 564/485/8 881/486/896
f 790/487/10 880/459/872 895/483/894
f 873/460/873 889/488/897 874/464/875
f 866/462/874 882/489/898 867/465/876
f 893/479/890 909/490/899 894/481/892
f 887/482/893 901/491/900 902/492/901
f 895/483/894 909/490/899 910/493/902
f 888/484/895 902/492/901 903/494/903
f 881/486/896 564/495/8 896/496/904
f 790/497/10 895/483/894 910/493/902
f 888/484/895 904/498/905 889/488/897
f 881/486/896 897/499/906 882/489/898
f 889/488/897 905/500/907 890/473/884
f 883/474/885 897/499/906 898/501/908
f 891/475/886 905/500/907 906/502/909
f 883/474/885 899/503/910 884/476/887
f 891/475/886 907/504/911 892/477/888
f 885/478/889 899/503/910 900/505/912
f 893/479/890 907/504/911 908/506/913
f 885/478/889 901/491/900 886/480/891
f 898/501/908 912/507/914 913/508/915
f 906/502/909 920/509/916 921/510/917
f 898/501/908 914/511/918 899/503/910
f 906/502/909 922/512/919 907/504/911
f 900/505/912 914/511/918 915/513/920
f 908/506/913 922/512/919 923/514/921
f 900/505/912 916/515/922 901/491/900
f 908/506/913 924/516/923 909/490/899
f 902/492/901 916/515/922 917/517/924
f 909/490/899 925/518/925 910/493/902
f 903/494/903 917/517/924 918/519/926
f 896/496/904 564/520/8 911/521/927
f 790/522/10 910/493/902 925/518/925
f 903/494/903 919/523/928 904/498/905
f 897/499/906 911/521/927 912/507/914
f 904/498/905 920/509/916 905/500/907
f 917/517/924 931/524/929 932/525/930
f 924/516/923 940/526/931 925/518/925
f 918/519/926 932/525/930 933/527/932
f 911/521/927 564/528/8 926/529/933
f 790/530/10 925/518/925 940/526/931
f 918/519/926 934/531/934 919/523/928
f 912/507/914 926/529/933 927/532/935
f 919/523/928 935/533/936 920/509/916
f 913/508/915 927/532/935 928/534/937
f 921/510/917 935/533/936 936/535/938
f 913/508/915 929/536/939 914/511/918
f 921/510/917 937/537/940 922/512/919
f 915/513/920 929/536/939 930/538/941
f 923/514/921 937/537/940 938/539/942
f 915/513/920 931/524/929 916/515/922
f 923/514/921 939/540/943 924/516/923
f 936/535/938 950/541/944 951/542/945
f 928/534/937 944/543/946 929/536/939
f 936/535/938 952/544/947 937/537/940
f 930/538/941 944/543/946 945/545/948
f 938/539/942 952/544/947 953/546/949
f 930/538/941 946/547/950 931/524/929
f 938/539/942 954/548/951 939/540/943
f 932/525/930 946/547/950 947/549/952
f 940/526/931 954/548/951 955/550/953
f 933/527/932 947/549/952 948/551/954
f 926/529/933 564/552/8 941/553/955
f 790/554/10 940/526/931 955/550/953
f 933/527/932 949/555/956 934/531/934
f 926/529/933 942/556/957 927/532/935
f 934/531/934 950/541/944 935/533/936
f 928/534/937 942/556/957 943/557/958
f 954/548/951 964/3/485 955/550/953
f 948/551/954 485/4/486 486/6/6
f 941/553/955 564/558/8 956/7/488
f 790/559/10 955/550/953 964/3/485
f 948/551/954 487/11/490 949/555/956
f 942/556/957 956/7/488 957/13/492
f 949/555/956 960/16/495 950/541/944
f 943/557/958 957/13/492 483/17/496
f 950/541/944 488/20/499 951/542/945
f 944/543/946 483/17/496 958/21/500
f 951/542/945 961/24/503 952/544/947
f 945/545/948 958/21/500 484/25/504
f 953/546/949 961/24/503 962/28/507
f 946/547/950 484/25/504 959/29/508
f 953/546/949 963/1/483 954/548/951
f 947/549/952 959/29/508 485/4/486
f 963/1/483 502/31/510 503/2/484
f 485/4/486 495/32/511 496/5/487
f 487/11/490 486/6/6 496/5/487
f 957/13/492 956/7/488 489/9/489
f 487/11/490 497/12/491 498/15/494
f 483/17/496 957/13/492 490/14/493
f 960/16/495 498/15/494 499/19/498
f 958/21/500 483/17/496 491/18/497
f 488/20/499 499/19/498 500/23/502
f 484/25/504 958/21/500 492/22/501
f 961/24/503 500/23/502 501/27/506
f 959/29/508 484/25/504 493/26/505
f 962/28/507 501/27/506 502/31/510
f 485/4/486 959/29/508 494/30/509
f 493/26/505 508/49/526 509/33/512
f 502/31/510 501/27/506 516/34/513
f 495/32/511 494/30/509 509/33/512
f 503/2/484 502/31/510 517/35/514
f 496/5/487 495/32/511 510/36/515
f 496/5/487 511/38/517 512/42/519
f 489/9/489 504/40/518 505/43/520
f 497/12/491 512/42/519 513/44/521
f 490/14/493 505/43/520 506/45/522
f 499/19/498 498/15/494 513/44/521
f 491/18/497 506/45/522 507/47/524
f 500/23/502 499/19/498 514/46/523
f 492/22/501 507/47/524 508/49/526
f 501/27/506 500/23/502 515/48/525
f 512/42/519 527/65/540 528/50/527
f 505/43/520 520/66/541 521/51/528
f 514/46/523 513/44/521 528/50/527
f 506/45/522 521/51/528 522/53/530
f 514/46/523 529/52/529 530/54/531
f 508/49/526 507/47/524 522/53/530
f 516/34/513 515/48/525 530/54/531
f 508/49/526 523/55/532 524/57/534
f 517/35/514 516/34/513 531/56/533
f 510/36/515 509/33/512 524/57/534
f 518/37/516 517/35/514 532/58/535
f 511/38/517 510/36/515 525/59/536
f 511/38/517 526/61/538 527/65/540
f 504/40/518 519/63/539 520/66/541
f 532/58/535 531/56/533 546/67/542
f 525/59/536 524/57/534 539/69/544
f 533/60/537 532/58/535 547/68/543
f 526/61/538 525/59/536 540/70/545
f 526/61/538 541/72/547 542/76/549
f 519/63/539 534/74/548 535/77/550
f 527/65/540 542/76/549 543/78/551
f 520/66/541 535/77/550 536/79/552
f 529/52/529 528/50/527 543/78/551
f 521/51/528 536/79/552 537/81/554
f 530/54/531 529/52/529 544/80/553
f 522/53/530 537/81/554 538/83/556
f 531/56/533 530/54/531 545/82/555
f 523/55/532 538/83/556 539/69/544
f 544/80/553 543/78/551 558/84/557
f 536/79/552 551/100/571 552/86/559
f 544/80/553 559/85/558 560/87/560
f 538/83/556 537/81/554 552/86/559
f 546/67/542 545/82/555 560/87/560
f 538/83/556 553/88/561 554/90/563
f 546/67/542 561/89/562 562/91/564
f 540/70/545 539/69/544 554/90/563
f 547/68/543 562/91/564 563/93/566
f 541/72/547 540/70/545 555/92/565
f 541/72/547 556/94/567 557/98/569
f 535/77/550 534/74/548 549/96/568
f 542/76/549 557/98/569 558/84/557
f 536/79/552 535/77/550 550/99/570
f 563/93/566 562/91/564 578/101/572
f 556/94/567 555/92/565 571/103/574
f 556/94/567 572/104/575 573/108/577
f 549/96/568 565/106/576 566/109/578
f 557/98/569 573/108/577 574/110/579
f 550/99/570 566/109/578 567/111/580
f 559/85/558 558/84/557 574/110/579
f 551/100/571 567/111/580 568/113/582
f 559/85/558 575/112/581 576/114/583
f 553/88/561 552/86/559 568/113/582
f 561/89/562 560/87/560 576/114/583
f 553/88/561 569/115/584 570/117/586
f 562/91/564 561/89/562 577/116/585
f 555/92/565 554/90/563 570/117/586
f 567/111/580 582/133/600 583/118/587
f 575/112/581 590/134/601 591/119/588
f 569/115/584 568/113/582 583/118/587
f 577/116/585 576/114/583 591/119/588
f 569/115/584 584/120/589 585/122/591
f 577/116/585 592/121/590 593/123/592
f 571/103/574 570/117/586 585/122/591
f 578/101/572 593/123/592 594/125/594
f 572/104/575 571/103/574 586/124/593
f 572/104/575 587/126/595 588/130/597
f 566/109/578 565/106/576 580/128/596
f 573/108/577 588/130/597 589/132/599
f 567/111/580 566/109/578 581/131/598
f 575/112/581 574/110/579 589/132/599
f 587/126/595 586/124/593 601/135/602
f 587/126/595 602/136/124 603/141/605
f 581/131/598 580/128/596 595/138/603
f 588/130/597 603/141/605 604/143/607
f 582/133/600 581/131/598 596/142/606
f 590/134/601 589/132/599 604/143/607
f 582/133/600 597/144/608 598/146/610
f 590/134/601 605/145/609 606/147/611
f 584/120/589 583/118/587 598/146/610
f 592/121/590 591/119/588 606/147/611
f 584/120/589 599/148/612 600/150/614
f 592/121/590 607/149/613 608/151/615
f 586/124/593 585/122/591 600/150/614
f 593/123/592 608/151/615 609/140/604
f 605/145/609 620/168/630 621/152/616
f 599/148/612 598/146/610 613/153/617
f 607/149/613 606/147/611 621/152/616
f 599/148/612 614/154/618 615/156/620
f 608/151/615 607/149/613 622/155/619
f 601/135/602 600/150/614 615/156/620
f 609/140/604 608/151/615 623/157/621
f 602/136/124 601/135/602 616/158/622
f 602/136/124 617/160/624 618/164/626
f 595/138/603 610/162/625 611/165/627
f 603/141/605 618/164/626 619/166/628
f 596/142/606 611/165/627 612/167/629
f 605/145/609 604/143/607 619/166/628
f 597/144/608 612/167/629 613/153/617
f 617/160/624 632/185/645 633/173/633
f 610/162/625 625/170/631 626/174/634
f 618/164/626 633/173/633 634/175/635
f 611/165/627 626/174/634 627/176/636
f 620/168/630 619/166/628 634/175/635
f 612/167/629 627/176/636 628/178/638
f 620/168/630 635/177/637 636/179/639
f 614/154/618 613/153/617 628/178/638
f 622/155/619 621/152/616 636/179/639
f 614/154/618 629/180/640 630/182/642
f 623/157/621 622/155/619 637/181/641
f 616/158/622 615/156/620 630/182/642
f 624/159/623 623/157/621 638/183/643
f 617/160/624 616/158/622 631/184/644
f 629/180/640 628/178/638 643/186/646
f 637/181/641 636/179/639 651/188/648
f 629/180/640 644/187/647 645/190/650
f 637/181/641 652/189/649 653/191/651
f 631/184/644 630/182/642 645/190/650
f 638/183/643 653/191/651 654/193/653
f 632/185/645 631/184/644 646/192/652
f 632/185/645 647/194/654 648/198/656
f 625/170/631 640/196/655 641/199/657
f 633/173/633 648/198/656 649/200/658
f 627/176/636 626/174/634 641/199/657
f 635/177/637 634/175/635 649/200/658
f 627/176/636 642/201/659 643/186/646
f 635/177/637 650/202/660 651/188/648
f 647/194/654 662/216/674 663/203/661
f 640/196/655 655/218/675 656/204/662
f 648/198/656 663/203/661 664/205/663
f 641/199/657 656/204/662 657/206/664
f 650/202/660 649/200/658 664/205/663
f 642/201/659 657/206/664 658/208/666
f 650/202/660 665/207/665 666/209/667
f 644/187/647 643/186/646 658/208/666
f 652/189/649 651/188/648 666/209/667
f 644/187/647 659/210/668 660/212/670
f 653/191/651 652/189/649 667/211/669
f 646/192/652 645/190/650 660/212/670
f 654/193/653 653/191/651 668/213/671
f 647/194/654 646/192/652 661/214/672
f 667/211/669 666/209/667 681/220/676
f 659/210/668 674/236/690 675/222/678
f 667/211/669 682/221/677 683/223/679
f 661/214/672 660/212/670 675/222/678
f 668/213/671 683/223/679 684/225/681
f 662/216/674 661/214/672 676/224/680
f 662/216/674 677/226/682 678/230/684
f 656/204/662 655/218/675 670/228/683
f 663/203/661 678/230/684 679/232/686
f 657/206/664 656/204/662 671/231/685
f 665/207/665 664/205/663 679/232/686
f 657/206/664 672/233/687 673/235/689
f 665/207/665 680/234/688 681/220/676
f 659/210/668 658/208/666 673/235/689
f 678/230/684 693/252/704 694/237/691
f 671/231/685 686/253/705 687/238/692
f 680/234/688 679/232/686 694/237/691
f 672/233/687 687/238/692 688/240/694
f 680/234/688 695/239/693 696/241/695
f 674/236/690 673/235/689 688/240/694
f 682/221/677 681/220/676 696/241/695
f 674/236/690 689/242/696 690/244/698
f 683/223/679 682/221/677 697/243/697
f 676/224/680 675/222/678 690/244/698
f 684/225/681 683/223/679 698/245/699
f 677/226/682 676/224/680 691/246/700
f 677/226/682 692/248/702 693/252/704
f 670/228/683 685/250/703 686/253/705
f 698/245/699 697/243/697 712/254/706
f 691/246/700 690/244/698 705/256/708
f 699/247/701 698/245/699 713/255/707
f 692/248/702 691/246/700 706/257/709
f 692/248/702 707/259/711 708/263/713
f 685/250/703 700/261/712 701/264/714
f 693/252/704 708/263/713 709/265/715
f 686/253/705 701/264/714 702/266/716
f 695/239/693 694/237/691 709/265/715
f 687/238/692 702/266/716 703/268/718
f 695/239/693 710/267/717 711/269/719
f 689/242/696 688/240/694 703/268/718
f 697/243/697 696/241/695 711/269/719
f 689/242/696 704/270/720 705/256/708
f 701/264/714 716/287/734 717/271/721
f 710/267/717 709/265/715 724/272/722
f 702/266/716 717/271/721 718/274/724
f 710/267/717 725/273/723 726/275/725
f 704/270/720 703/268/718 718/274/724
f 712/254/706 711/269/719 726/275/725
f 704/270/720 719/276/726 720/278/728
f 713/255/707 712/254/706 727/277/727
f 706/257/709 705/256/708 720/278/728
f 713/255/707 728/279/729 729/281/731
f 707/259/711 706/257/709 721/280/730
f 707/259/711 722/282/254 723/286/733
f 701/264/714 700/261/712 715/284/732
f 708/263/713 723/286/733 724/272/722
f 721/280/730 720/278/728 735/288/735
f 728/279/729 743/304/749 744/290/737
f 722/282/254 721/280/730 736/289/736
f 722/282/254 737/291/738 738/295/740
f 716/287/734 715/284/732 730/293/739
f 723/286/733 738/295/740 739/297/742
f 717/271/721 716/287/734 731/296/741
f 725/273/723 724/272/722 739/297/742
f 717/271/721 732/298/743 733/300/745
f 725/273/723 740/299/744 741/301/746
f 719/276/726 718/274/724 733/300/745
f 727/277/727 726/275/725 741/301/746
f 719/276/726 734/302/747 735/288/735
f 727/277/727 742/303/748 743/304/749
f 740/299/744 739/297/742 754/305/750
f 732/298/743 747/321/764 748/307/752
f 740/299/744 755/306/751 756/308/753
f 734/302/747 733/300/745 748/307/752
f 742/303/748 741/301/746 756/308/753
f 734/302/747 749/309/754 750/311/756
f 742/303/748 757/310/755 758/312/757
f 736/289/736 735/288/735 750/311/756
f 743/304/749 758/312/757 759/314/759
f 737/291/738 736/289/736 751/313/758
f 737/291/738 752/315/760 753/319/762
f 730/293/739 745/317/761 746/320/763
f 738/295/740 753/319/762 754/305/750
f 731/296/741 746/320/763 747/321/764
f 759/314/759 758/312/757 773/322/765
f 752/315/760 751/313/758 766/324/767
f 752/315/760 767/325/768 768/329/770
f 745/317/761 760/327/769 761/330/771
f 753/319/762 768/329/770 769/331/772
f 747/321/764 746/320/763 761/330/771
f 755/306/751 754/305/750 769/331/772
f 747/321/764 762/332/773 763/334/775
f 755/306/751 770/333/774 771/335/776
f 748/307/752 763/334/775 764/336/777
f 757/310/755 756/308/753 771/335/776
f 749/309/754 764/336/777 765/338/779
f 757/310/755 772/337/778 773/322/765
f 751/313/758 750/311/756 765/338/779
f 762/332/773 777/354/793 778/339/780
f 770/333/774 785/355/794 786/340/781
f 764/336/777 763/334/775 778/339/780
f 772/337/778 771/335/776 786/340/781
f 764/336/777 779/341/782 780/343/784
f 772/337/778 787/342/783 788/344/785
f 766/324/767 765/338/779 780/343/784
f 774/323/766 773/322/765 788/344/785
f 767/325/768 766/324/767 781/345/786
f 767/325/768 782/347/788 783/351/790
f 760/327/769 775/349/789 776/352/791
f 768/329/770 783/351/790 784/353/792
f 761/330/771 776/352/791 777/354/793
f 770/333/774 769/331/772 784/353/792
f 782/347/788 781/345/786 797/356/795
f 782/347/788 798/357/796 799/362/799
f 775/349/789 791/359/797 792/363/800
f 783/351/790 799/362/799 800/364/801
f 777/354/793 776/352/791 792/363/800
f 785/355/794 784/353/792 800/364/801
f 777/354/793 793/365/802 794/367/804
f 785/355/794 801/366/803 802/368/805
f 779/341/782 778/339/780 794/367/804
f 787/342/783 786/340/781 802/368/805
f 779/341/782 795/369/806 796/371/808
f 787/342/783 803/370/807 804/372/809
f 781/345/786 780/343/784 796/371/808
f 789/346/787 788/344/785 804/372/809
f 801/366/803 816/389/824 817/373/810
f 795/369/806 794/367/804 809/374/811
f 803/370/807 802/368/805 817/373/810
f 795/369/806 810/375/812 811/377/814
f 803/370/807 818/376/813 819/378/815
f 797/356/795 796/371/808 811/377/814
f 805/361/798 804/372/809 819/378/815
f 798/357/796 797/356/795 812/379/816
f 798/357/796 813/381/818 814/385/820
f 791/359/797 806/383/819 807/386/821
f 799/362/799 814/385/820 815/387/822
f 793/365/802 792/363/800 807/386/821
f 801/366/803 800/364/801 815/387/822
f 793/365/802 808/388/823 809/374/811
f 813/381/818 828/404/838 829/392/826
f 806/383/819 821/406/839 822/393/827
f 814/385/820 829/392/826 830/394/828
f 808/388/823 807/386/821 822/393/827
f 816/389/824 815/387/822 830/394/828
f 808/388/823 823/395/829 824/397/831
f 816/389/824 831/396/830 832/398/832
f 810/375/812 809/374/811 824/397/831
f 818/376/813 817/373/810 832/398/832
f 810/375/812 825/399/833 826/401/835
f 818/376/813 833/400/834 834/402/836
f 812/379/816 811/377/814 826/401/835
f 820/380/817 819/378/815 834/402/836
f 813/381/818 812/379/816 827/403/837
f 833/400/834 832/398/832 847/407/840
f 825/399/833 840/423/853 841/409/842
f 833/400/834 848/408/841 849/410/843
f 827/403/837 826/401/835 841/409/842
f 834/402/836 849/410/843 850/412/845
f 828/404/838 827/403/837 842/411/844
f 828/404/838 843/413/369 844/417/847
f 822/393/827 821/406/839 836/415/846
f 829/392/826 844/417/847 845/419/849
f 823/395/829 822/393/827 837/418/848
f 831/396/830 830/394/828 845/419/849
f 823/395/829 838/420/850 839/422/852
f 831/396/830 846/421/851 847/407/840
f 825/399/833 824/397/831 839/422/852
f 836/424/846 851/453/867 852/425/854
f 844/427/847 859/455/868 860/428/855
f 838/430/850 837/426/848 852/425/854
f 846/432/851 845/429/849 860/428/855
f 838/430/850 853/431/856 854/434/858
f 846/432/851 861/433/857 862/436/859
f 840/438/853 839/435/852 854/434/858
f 848/440/841 847/437/840 862/436/859
f 840/438/853 855/439/860 856/442/862
f 848/440/841 863/441/861 864/444/863
f 842/446/844 841/443/842 856/442/862
f 850/448/845 849/445/843 864/444/863
f 843/450/369 842/446/844 857/447/864
f 843/450/369 858/451/866 859/455/868
f 855/439/860 870/471/882 871/456/869
f 863/441/861 878/472/883 879/457/870
f 857/447/864 856/442/862 871/456/869
f 864/444/863 879/457/870 880/459/872
f 858/451/866 857/447/864 872/458/871
f 858/451/866 873/460/873 874/464/875
f 852/425/854 851/453/867 866/462/874
f 859/455/868 874/464/875 875/466/877
f 853/431/856 852/425/854 867/465/876
f 861/433/857 860/428/855 875/466/877
f 853/431/856 868/467/878 869/469/880
f 861/433/857 876/468/879 877/470/881
f 855/439/860 854/434/858 869/469/880
f 863/441/861 862/436/859 877/470/881
f 874/464/875 889/488/897 890/473/884
f 867/465/876 882/489/898 883/474/885
f 876/468/879 875/466/877 890/473/884
f 868/467/878 883/474/885 884/476/887
f 876/468/879 891/475/886 892/477/888
f 870/471/882 869/469/880 884/476/887
f 878/472/883 877/470/881 892/477/888
f 870/471/882 885/478/889 886/480/891
f 879/457/870 878/472/883 893/479/890
f 872/458/871 871/456/869 886/480/891
f 880/459/872 879/457/870 894/481/892
f 873/460/873 872/458/871 887/482/893
f 873/460/873 888/484/895 889/488/897
f 866/462/874 881/486/896 882/489/898
f 893/479/890 908/506/913 909/490/899
f 887/482/893 886/480/891 901/491/900
f 895/483/894 894/481/892 909/490/899
f 888/484/895 887/482/893 902/492/901
f 888/484/895 903/494/903 904/498/905
f 881/486/896 896/496/904 897/499/906
f 889/488/897 904/498/905 905/500/907
f 883/474/885 882/489/898 897/499/906
f 891/475/886 890/473/884 905/500/907
f 883/474/885 898/501/908 899/503/910
f 891/475/886 906/502/909 907/504/911
f 885/478/889 884/476/887 899/503/910
f 893/479/890 892/477/888 907/504/911
f 885/478/889 900/505/912 901/491/900
f 898/501/908 897/499/906 912/507/914
f 906/502/909 905/500/907 920/509/916
f 898/501/908 913/508/915 914/511/918
f 906/502/909 921/510/917 922/512/919
f 900/505/912 899/503/910 914/511/918
f 908/506/913 907/504/911 922/512/919
f 900/505/912 915/513/920 916/515/922
f 908/506/913 923/514/921 924/516/923
f 902/492/901 901/491/900 916/515/922
f 909/490/899 924/516/923 925/518/925
f 903/494/903 902/492/901 917/517/924
f 903/494/903 918/519/926 919/523/928
f 897/499/906 896/496/904 911/521/927
f 904/498/905 919/523/928 920/509/916
f 917/517/924 916/515/922 931/524/929
f 924/516/923 939/540/943 940/526/931
f 918/519/926 917/517/924 932/525/930
f 918/519/926 933/527/932 934/531/934
f 912/507/914 911/521/927 926/529/933
f 919/523/928 934/531/934 935/533/936
f 913/508/915 912/507/914 927/532/935
f 921/510/917 920/509/916 935/533/936
f 913/508/915 928/534/937 929/536/939
f 921/510/917 936/535/938 937/537/940
f 915/513/920 914/511/918 929/536/939
f 923/514/921 922/512/919 937/537/940
f 915/513/920 930/538/941 931/524/929
f 923/514/921 938/539/942 939/540/943
f 936/535/938 935/533/936 950/541/944
f 928/534/937 943/557/958 944/543/946
f 936/535/938 951/542/945 952/544/947
f 930/538/941 929/536/939 944/543/946
f 938/539/942 937/537/940 952/544/947
f 930/538/941 945/545/948 946/547/950
f 938/539/942 953/546/949 954/548/951
f 932/525/930 931/524/929 946/547/950
f 940/526/931 939/540/943 954/548/951
f 933/527/932 932/525/930 947/549/952
f 933/527/932 948/551/954 949/555/956
f 926/529/933 941/553/955 942/556/957
f 934/531/934 949/555/956 950/541/944
f 928/534/937 927/532/935 942/556/957
f 954/548/951 963/1/483 964/3/485
f 948/551/954 947/549/952 485/4/486
f 948/551/954 486/6/6 487/11/490
f 942/556/957 941/553/955 956/7/488
f 949/555/956 487/11/490 960/16/495
f 943/557/958 942/556/957 957/13/492
f 950/541/944 960/16/495 488/20/499
f 944/543/946 943/557/958 483/17/496
f 951/542/945 488/20/499 961/24/503
f 945/545/948 944/543/946 958/21/500
f 953/546/949 952/544/947 961/24/503
f 946/547/950 945/545/948 484/25/504
f 953/546/949 962/28/507 963/1/483
f 947/549/952 946/547/950 959/29/508
